Date,Host,Service,Content
"2026-06-19T01:16:03.102Z","i-0a2328f9d6500e6c4","smps_stats","[Fri Jun 19 2026 10:16:02] Msgs=812866516 Throughput=318.641727 Response_Time=17.588395 Wait_Time_In_Queue=0.005620 Max_HP_Msg=32 Max_NP_Msg=59 Current_Depth=0 Max_Depth=59 Current_High_Depth=0 Current_Norm_Depth=0 Current_Threads=60 Max_Threads=60 Busy_Threads=31 Current_Connections=2308 Max_Connections=2877 Exceeded_Limit=0 Core_Result=N"
"2026-06-19T01:16:02.911Z","i-00dd30849ccfba93a","smps_stats","[Fri Jun 19 2026 10:16:01] Msgs=791686181 Throughput=310.261127 Response_Time=17.495444 Wait_Time_In_Queue=0.005969 Max_HP_Msg=34 Max_NP_Msg=55 Current_Depth=0 Max_Depth=55 Current_High_Depth=0 Current_Norm_Depth=0 Current_Threads=56 Max_Threads=56 Busy_Threads=26 Current_Connections=2208 Max_Connections=2817 Exceeded_Limit=0 Core_Result=N"
"2026-06-19T01:16:02.563Z","i-023c16c7968372b38","smps_stats","[Fri Jun 19 2026 10:16:01] Msgs=809472151 Throughput=317.166053 Response_Time=17.661410 Wait_Time_In_Queue=0.006463 Max_HP_Msg=35 Max_NP_Msg=80 Current_Depth=0 Max_Depth=80 Current_High_Depth=0 Current_Norm_Depth=0 Current_Threads=55 Max_Threads=55 Busy_Threads=27 Current_Connections=2231 Max_Connections=3452 Exceeded_Limit=0 Core_Result=N"
"2026-06-19T01:16:02.317Z","i-06d8bd0429c15d38c","smps_stats","[Fri Jun 19 2026 10:16:01] Msgs=777684207 Throughput=304.811872 Response_Time=17.164320 Wait_Time_In_Queue=0.004781 Max_HP_Msg=30 Max_NP_Msg=51 Current_Depth=0 Max_Depth=51 Current_High_Depth=0 Current_Norm_Depth=0 Current_Threads=52 Max_Threads=52 Busy_Threads=17 Current_Connections=2221 Max_Connections=2778 Exceeded_Limit=0 Core_Result=N"
"2026-06-19T01:15:03.065Z","i-0a2328f9d6500e6c4","smps_stats","[Fri Jun 19 2026 10:15:02] Msgs=812801103 Throughput=318.623579 Response_Time=17.588377 Wait_Time_In_Queue=0.005620 Max_HP_Msg=32 Max_NP_Msg=59 Current_Depth=0 Max_Depth=59 Current_High_Depth=0 Current_Norm_Depth=0 Current_Threads=60 Max_Threads=60 Busy_Threads=41 Current_Connections=2276 Max_Connections=2877 Exceeded_Limit=0 Core_Result=N"
"2026-06-19T01:15:02.876Z","i-00dd30849ccfba93a","smps_stats","[Fri Jun 19 2026 10:15:01] Msgs=791619851 Throughput=310.242427 Response_Time=17.495404 Wait_Time_In_Queue=0.005968 Max_HP_Msg=34 Max_NP_Msg=55 Current_Depth=0 Max_Depth=55 Current_High_Depth=0 Current_Norm_Depth=0 Current_Threads=56 Max_Threads=56 Busy_Threads=44 Current_Connections=2124 Max_Connections=2817 Exceeded_Limit=0 Core_Result=N"
"2026-06-19T01:15:02.519Z","i-023c16c7968372b38","smps_stats","[Fri Jun 19 2026 10:15:01] Msgs=809402156 Throughput=317.146083 Response_Time=17.661342 Wait_Time_In_Queue=0.006463 Max_HP_Msg=35 Max_NP_Msg=80 Current_Depth=0 Max_Depth=80 Current_High_Depth=0 Current_Norm_Depth=0 Current_Threads=55 Max_Threads=55 Busy_Threads=33 Current_Connections=2184 Max_Connections=3452 Exceeded_Limit=0 Core_Result=N"
"2026-06-19T01:15:02.277Z","i-06d8bd0429c15d38c","smps_stats","[Fri Jun 19 2026 10:15:01] Msgs=777621925 Throughput=304.794628 Response_Time=17.164353 Wait_Time_In_Queue=0.004781 Max_HP_Msg=30 Max_NP_Msg=51 Current_Depth=0 Max_Depth=51 Current_High_Depth=0 Current_Norm_Depth=0 Current_Threads=52 Max_Threads=52 Busy_Threads=17 Current_Connections=2173 Max_Connections=2778 Exceeded_Limit=0 Core_Result=N"
"2026-06-19T01:14:02.840Z","i-00dd30849ccfba93a","smps_stats","[Fri Jun 19 2026 10:14:01] Msgs=791552718 Throughput=310.223412 Response_Time=17.495293 Wait_Time_In_Queue=0.005968 Max_HP_Msg=34 Max_NP_Msg=55 Current_Depth=0 Max_Depth=55 Current_High_Depth=0 Current_Norm_Depth=0 Current_Threads=56 Max_Threads=56 Busy_Threads=22 Current_Connections=2070 Max_Connections=2817 Exceeded_Limit=0 Core_Result=N"
"2026-06-19T01:14:02.481Z","i-023c16c7968372b38","smps_stats","[Fri Jun 19 2026 10:14:01] Msgs=809332281 Throughput=317.126160 Response_Time=17.661239 Wait_Time_In_Queue=0.006463 Max_HP_Msg=35 Max_NP_Msg=80 Current_Depth=0 Max_Depth=80 Current_High_Depth=0 Current_Norm_Depth=0 Current_Threads=55 Max_Threads=55 Busy_Threads=27 Current_Connections=2539 Max_Connections=3452 Exceeded_Limit=0 Core_Result=N"
"2026-06-19T01:14:02.240Z","i-06d8bd0429c15d38c","smps_stats","[Fri Jun 19 2026 10:14:02] Msgs=777561904 Throughput=304.778151 Response_Time=17.164346 Wait_Time_In_Queue=0.004781 Max_HP_Msg=30 Max_NP_Msg=51 Current_Depth=0 Max_Depth=51 Current_High_Depth=0 Current_Norm_Depth=0 Current_Threads=52 Max_Threads=52 Busy_Threads=16 Current_Connections=2115 Max_Connections=2778 Exceeded_Limit=0 Core_Result=N"
"2026-06-19T01:14:02.029Z","i-0a2328f9d6500e6c4","smps_stats","[Fri Jun 19 2026 10:14:01] Msgs=812732803 Throughput=318.604424 Response_Time=17.588330 Wait_Time_In_Queue=0.005620 Max_HP_Msg=32 Max_NP_Msg=59 Current_Depth=0 Max_Depth=59 Current_High_Depth=0 Current_Norm_Depth=0 Current_Threads=60 Max_Threads=60 Busy_Threads=21 Current_Connections=2193 Max_Connections=2877 Exceeded_Limit=0 Core_Result=N"
"2026-06-19T01:13:02.444Z","i-023c16c7968372b38","smps_stats","[Fri Jun 19 2026 10:13:02] Msgs=809265907 Throughput=317.107483 Response_Time=17.661127 Wait_Time_In_Queue=0.006463 Max_HP_Msg=35 Max_NP_Msg=80 Current_Depth=0 Max_Depth=80 Current_High_Depth=0 Current_Norm_Depth=0 Current_Threads=55 Max_Threads=55 Busy_Threads=36 Current_Connections=2469 Max_Connections=3452 Exceeded_Limit=0 Core_Result=N"
"2026-06-19T01:13:02.205Z","i-06d8bd0429c15d38c","smps_stats","[Fri Jun 19 2026 10:13:01] Msgs=777497630 Throughput=304.760244 Response_Time=17.164309 Wait_Time_In_Queue=0.004781 Max_HP_Msg=30 Max_NP_Msg=51 Current_Depth=0 Max_Depth=51 Current_High_Depth=0 Current_Norm_Depth=0 Current_Threads=52 Max_Threads=52 Busy_Threads=26 Current_Connections=2444 Max_Connections=2778 Exceeded_Limit=0 Core_Result=N"
"2026-06-19T01:13:01.988Z","i-0a2328f9d6500e6c4","smps_stats","[Fri Jun 19 2026 10:13:01] Msgs=812665043 Throughput=318.585354 Response_Time=17.588311 Wait_Time_In_Queue=0.005620 Max_HP_Msg=32 Max_NP_Msg=59 Current_Depth=0 Max_Depth=59 Current_High_Depth=0 Current_Norm_Depth=0 Current_Threads=60 Max_Threads=60 Busy_Threads=15 Current_Connections=2419 Max_Connections=2877 Exceeded_Limit=0 Core_Result=N"
"2026-06-19T01:13:01.804Z","i-00dd30849ccfba93a","smps_stats","[Fri Jun 19 2026 10:13:01] Msgs=791484190 Throughput=310.203849 Response_Time=17.495222 Wait_Time_In_Queue=0.005968 Max_HP_Msg=34 Max_NP_Msg=55 Current_Depth=0 Max_Depth=55 Current_High_Depth=0 Current_Norm_Depth=0 Current_Threads=56 Max_Threads=56 Busy_Threads=31 Current_Connections=2306 Max_Connections=2817 Exceeded_Limit=0 Core_Result=N"
"2026-06-19T01:12:03.406Z","i-023c16c7968372b38","smps_stats","[Fri Jun 19 2026 10:12:02] Msgs=809196926 Throughput=317.087908 Response_Time=17.661021 Wait_Time_In_Queue=0.006463 Max_HP_Msg=35 Max_NP_Msg=80 Current_Depth=0 Max_Depth=80 Current_High_Depth=0 Current_Norm_Depth=0 Current_Threads=55 Max_Threads=55 Busy_Threads=24 Current_Connections=2385 Max_Connections=3452 Exceeded_Limit=0 Core_Result=N"
"2026-06-19T01:12:02.173Z","i-06d8bd0429c15d38c","smps_stats","[Fri Jun 19 2026 10:12:01] Msgs=777434611 Throughput=304.742709 Response_Time=17.164282 Wait_Time_In_Queue=0.004781 Max_HP_Msg=30 Max_NP_Msg=51 Current_Depth=0 Max_Depth=51 Current_High_Depth=0 Current_Norm_Depth=0 Current_Threads=52 Max_Threads=52 Busy_Threads=23 Current_Connections=2380 Max_Connections=2778 Exceeded_Limit=0 Core_Result=N"
"2026-06-19T01:12:01.949Z","i-0a2328f9d6500e6c4","smps_stats","[Fri Jun 19 2026 10:12:01] Msgs=812597728 Throughput=318.566458 Response_Time=17.588284 Wait_Time_In_Queue=0.005620 Max_HP_Msg=32 Max_NP_Msg=59 Current_Depth=0 Max_Depth=59 Current_High_Depth=0 Current_Norm_Depth=0 Current_Threads=60 Max_Threads=60 Busy_Threads=38 Current_Connections=2379 Max_Connections=2877 Exceeded_Limit=0 Core_Result=N"
"2026-06-19T01:12:01.768Z","i-00dd30849ccfba93a","smps_stats","[Fri Jun 19 2026 10:12:01] Msgs=791418089 Throughput=310.185236 Response_Time=17.495107 Wait_Time_In_Queue=0.005968 Max_HP_Msg=34 Max_NP_Msg=55 Current_Depth=0 Max_Depth=55 Current_High_Depth=0 Current_Norm_Depth=0 Current_Threads=56 Max_Threads=56 Busy_Threads=26 Current_Connections=2250 Max_Connections=2817 Exceeded_Limit=0 Core_Result=N"
"2026-06-19T01:11:03.134Z","i-06d8bd0429c15d38c","smps_stats","[Fri Jun 19 2026 10:11:02] Msgs=777370916 Throughput=304.724789 Response_Time=17.164274 Wait_Time_In_Queue=0.004781 Max_HP_Msg=30 Max_NP_Msg=51 Current_Depth=0 Max_Depth=51 Current_High_Depth=0 Current_Norm_Depth=0 Current_Threads=52 Max_Threads=52 Busy_Threads=22 Current_Connections=2270 Max_Connections=2778 Exceeded_Limit=0 Core_Result=N"
"2026-06-19T01:11:02.910Z","i-0a2328f9d6500e6c4","smps_stats","[Fri Jun 19 2026 10:11:02] Msgs=812531030 Throughput=318.547678 Response_Time=17.588240 Wait_Time_In_Queue=0.005620 Max_HP_Msg=32 Max_NP_Msg=59 Current_Depth=0 Max_Depth=59 Current_High_Depth=0 Current_Norm_Depth=0 Current_Threads=60 Max_Threads=60 Busy_Threads=29 Current_Connections=2335 Max_Connections=2877 Exceeded_Limit=0 Core_Result=N"
"2026-06-19T01:11:02.730Z","i-00dd30849ccfba93a","smps_stats","[Fri Jun 19 2026 10:11:02] Msgs=791353241 Throughput=310.166993 Response_Time=17.494982 Wait_Time_In_Queue=0.005968 Max_HP_Msg=34 Max_NP_Msg=55 Current_Depth=0 Max_Depth=55 Current_High_Depth=0 Current_Norm_Depth=0 Current_Threads=56 Max_Threads=56 Busy_Threads=26 Current_Connections=2206 Max_Connections=2817 Exceeded_Limit=0 Core_Result=N"
"2026-06-19T01:11:02.367Z","i-023c16c7968372b38","smps_stats","[Fri Jun 19 2026 10:11:01] Msgs=809124342 Throughput=317.067044 Response_Time=17.660896 Wait_Time_In_Queue=0.006463 Max_HP_Msg=35 Max_NP_Msg=80 Current_Depth=0 Max_Depth=80 Current_High_Depth=0 Current_Norm_Depth=0 Current_Threads=55 Max_Threads=55 Busy_Threads=33 Current_Connections=2303 Max_Connections=3452 Exceeded_Limit=0 Core_Result=N"
"2026-06-19T01:10:02.870Z","i-0a2328f9d6500e6c4","smps_stats","[Fri Jun 19 2026 10:10:01] Msgs=812462209 Throughput=318.528315 Response_Time=17.588215 Wait_Time_In_Queue=0.005620 Max_HP_Msg=32 Max_NP_Msg=59 Current_Depth=0 Max_Depth=59 Current_High_Depth=0 Current_Norm_Depth=0 Current_Threads=60 Max_Threads=60 Busy_Threads=34 Current_Connections=2254 Max_Connections=2877 Exceeded_Limit=0 Core_Result=N"
"2026-06-19T01:10:02.690Z","i-00dd30849ccfba93a","smps_stats","[Fri Jun 19 2026 10:10:01] Msgs=791283720 Throughput=310.147159 Response_Time=17.494864 Wait_Time_In_Queue=0.005967 Max_HP_Msg=34 Max_NP_Msg=55 Current_Depth=0 Max_Depth=55 Current_High_Depth=0 Current_Norm_Depth=0 Current_Threads=56 Max_Threads=56 Busy_Threads=27 Current_Connections=2163 Max_Connections=2817 Exceeded_Limit=0 Core_Result=N"
"2026-06-19T01:10:02.329Z","i-023c16c7968372b38","smps_stats","[Fri Jun 19 2026 10:10:01] Msgs=809057612 Throughput=317.048350 Response_Time=17.660796 Wait_Time_In_Queue=0.006463 Max_HP_Msg=35 Max_NP_Msg=80 Current_Depth=0 Max_Depth=80 Current_High_Depth=0 Current_Norm_Depth=0 Current_Threads=55 Max_Threads=55 Busy_Threads=30 Current_Connections=2241 Max_Connections=3452 Exceeded_Limit=0 Core_Result=N"
"2026-06-19T01:10:02.096Z","i-06d8bd0429c15d38c","smps_stats","[Fri Jun 19 2026 10:10:01] Msgs=777305919 Throughput=304.706597 Response_Time=17.164262 Wait_Time_In_Queue=0.004781 Max_HP_Msg=30 Max_NP_Msg=51 Current_Depth=0 Max_Depth=51 Current_High_Depth=0 Current_Norm_Depth=0 Current_Threads=52 Max_Threads=52 Busy_Threads=24 Current_Connections=2213 Max_Connections=2778 Exceeded_Limit=0 Core_Result=N"
"2026-06-19T01:09:02.833Z","i-0a2328f9d6500e6c4","smps_stats","[Fri Jun 19 2026 10:09:01] Msgs=812395824 Throughput=318.509781 Response_Time=17.588171 Wait_Time_In_Queue=0.005619 Max_HP_Msg=32 Max_NP_Msg=59 Current_Depth=0 Max_Depth=59 Current_High_Depth=0 Current_Norm_Depth=0 Current_Threads=60 Max_Threads=60 Busy_Threads=20 Current_Connections=2160 Max_Connections=2877 Exceeded_Limit=0 Core_Result=N"
"2026-06-19T01:09:02.650Z","i-00dd30849ccfba93a","smps_stats","[Fri Jun 19 2026 10:09:01] Msgs=791217837 Throughput=310.128630 Response_Time=17.494770 Wait_Time_In_Queue=0.005967 Max_HP_Msg=34 Max_NP_Msg=55 Current_Depth=0 Max_Depth=55 Current_High_Depth=0 Current_Norm_Depth=0 Current_Threads=56 Max_Threads=56 Busy_Threads=23 Current_Connections=2125 Max_Connections=2817 Exceeded_Limit=0 Core_Result=N"
"2026-06-19T01:09:02.289Z","i-023c16c7968372b38","smps_stats","[Fri Jun 19 2026 10:09:01] Msgs=808990042 Throughput=317.029325 Response_Time=17.660683 Wait_Time_In_Queue=0.006463 Max_HP_Msg=35 Max_NP_Msg=80 Current_Depth=0 Max_Depth=80 Current_High_Depth=0 Current_Norm_Depth=0 Current_Threads=55 Max_Threads=55 Busy_Threads=24 Current_Connections=2432 Max_Connections=3452 Exceeded_Limit=0 Core_Result=N"
"2026-06-19T01:09:02.061Z","i-06d8bd0429c15d38c","smps_stats","[Fri Jun 19 2026 10:09:01] Msgs=777241395 Throughput=304.688469 Response_Time=17.164284 Wait_Time_In_Queue=0.004781 Max_HP_Msg=30 Max_NP_Msg=51 Current_Depth=0 Max_Depth=51 Current_High_Depth=0 Current_Norm_Depth=0 Current_Threads=52 Max_Threads=52 Busy_Threads=22 Current_Connections=2169 Max_Connections=2778 Exceeded_Limit=0 Core_Result=N"
"2026-06-19T01:08:03.023Z","i-06d8bd0429c15d38c","smps_stats","[Fri Jun 19 2026 10:08:01] Msgs=777177987 Throughput=304.670779 Response_Time=17.164273 Wait_Time_In_Queue=0.004781 Max_HP_Msg=30 Max_NP_Msg=51 Current_Depth=0 Max_Depth=51 Current_High_Depth=0 Current_Norm_Depth=0 Current_Threads=52 Max_Threads=52 Busy_Threads=18 Current_Connections=2341 Max_Connections=2778 Exceeded_Limit=0 Core_Result=N"
"2026-06-19T01:08:02.253Z","i-023c16c7968372b38","smps_stats","[Fri Jun 19 2026 10:08:01] Msgs=808918183 Throughput=317.008618 Response_Time=17.660596 Wait_Time_In_Queue=0.006463 Max_HP_Msg=35 Max_NP_Msg=80 Current_Depth=0 Max_Depth=80 Current_High_Depth=0 Current_Norm_Depth=0 Current_Threads=55 Max_Threads=55 Busy_Threads=14 Current_Connections=2392 Max_Connections=3452 Exceeded_Limit=0 Core_Result=N"
"2026-06-19T01:08:01.787Z","i-0a2328f9d6500e6c4","smps_stats","[Fri Jun 19 2026 10:08:01] Msgs=812327908 Throughput=318.490645 Response_Time=17.588130 Wait_Time_In_Queue=0.005619 Max_HP_Msg=32 Max_NP_Msg=59 Current_Depth=0 Max_Depth=59 Current_High_Depth=0 Current_Norm_Depth=0 Current_Threads=60 Max_Threads=60 Busy_Threads=20 Current_Connections=2387 Max_Connections=2877 Exceeded_Limit=0 Core_Result=N"
"2026-06-19T01:08:01.611Z","i-00dd30849ccfba93a","smps_stats","[Fri Jun 19 2026 10:08:01] Msgs=791151933 Throughput=310.110091 Response_Time=17.494655 Wait_Time_In_Queue=0.005967 Max_HP_Msg=34 Max_NP_Msg=55 Current_Depth=0 Max_Depth=55 Current_High_Depth=0 Current_Norm_Depth=0 Current_Threads=56 Max_Threads=56 Busy_Threads=19 Current_Connections=2468 Max_Connections=2817 Exceeded_Limit=0 Core_Result=N"
"2026-06-19T01:07:02.752Z","i-0a2328f9d6500e6c4","smps_stats","[Fri Jun 19 2026 10:07:02] Msgs=812260639 Throughput=318.471638 Response_Time=17.588078 Wait_Time_In_Queue=0.005619 Max_HP_Msg=32 Max_NP_Msg=59 Current_Depth=0 Max_Depth=59 Current_High_Depth=0 Current_Norm_Depth=0 Current_Threads=60 Max_Threads=60 Busy_Threads=21 Current_Connections=2331 Max_Connections=2877 Exceeded_Limit=0 Core_Result=N"
"2026-06-19T01:07:02.573Z","i-00dd30849ccfba93a","smps_stats","[Fri Jun 19 2026 10:07:01] Msgs=791086268 Throughput=310.091645 Response_Time=17.494561 Wait_Time_In_Queue=0.005967 Max_HP_Msg=34 Max_NP_Msg=55 Current_Depth=0 Max_Depth=55 Current_High_Depth=0 Current_Norm_Depth=0 Current_Threads=56 Max_Threads=56 Busy_Threads=22 Current_Connections=2442 Max_Connections=2817 Exceeded_Limit=0 Core_Result=N"
"2026-06-19T01:07:02.213Z","i-023c16c7968372b38","smps_stats","[Fri Jun 19 2026 10:07:01] Msgs=808847588 Throughput=316.988406 Response_Time=17.660485 Wait_Time_In_Queue=0.006463 Max_HP_Msg=35 Max_NP_Msg=80 Current_Depth=0 Max_Depth=80 Current_High_Depth=0 Current_Norm_Depth=0 Current_Threads=55 Max_Threads=55 Busy_Threads=32 Current_Connections=2336 Max_Connections=3452 Exceeded_Limit=0 Core_Result=N"
"2026-06-19T01:07:01.987Z","i-06d8bd0429c15d38c","smps_stats","[Fri Jun 19 2026 10:07:01] Msgs=777115673 Throughput=304.653516 Response_Time=17.164272 Wait_Time_In_Queue=0.004781 Max_HP_Msg=30 Max_NP_Msg=51 Current_Depth=0 Max_Depth=51 Current_High_Depth=0 Current_Norm_Depth=0 Current_Threads=52 Max_Threads=52 Busy_Threads=22 Current_Connections=2297 Max_Connections=2778 Exceeded_Limit=0 Core_Result=N"
"2026-06-19T01:06:02.945Z","i-06d8bd0429c15d38c","smps_stats","[Fri Jun 19 2026 10:06:01] Msgs=777054025 Throughput=304.636514 Response_Time=17.164215 Wait_Time_In_Queue=0.004781 Max_HP_Msg=30 Max_NP_Msg=51 Current_Depth=0 Max_Depth=51 Current_High_Depth=0 Current_Norm_Depth=0 Current_Threads=52 Max_Threads=52 Busy_Threads=19 Current_Connections=2237 Max_Connections=2778 Exceeded_Limit=0 Core_Result=N"
"2026-06-19T01:06:02.713Z","i-0a2328f9d6500e6c4","smps_stats","[Fri Jun 19 2026 10:06:02] Msgs=812192616 Throughput=318.452459 Response_Time=17.588026 Wait_Time_In_Queue=0.005619 Max_HP_Msg=32 Max_NP_Msg=59 Current_Depth=0 Max_Depth=59 Current_High_Depth=0 Current_Norm_Depth=0 Current_Threads=60 Max_Threads=60 Busy_Threads=22 Current_Connections=2291 Max_Connections=2877 Exceeded_Limit=0 Core_Result=N"
"2026-06-19T01:06:02.530Z","i-00dd30849ccfba93a","smps_stats","[Fri Jun 19 2026 10:06:01] Msgs=791019826 Throughput=310.072893 Response_Time=17.494452 Wait_Time_In_Queue=0.005967 Max_HP_Msg=34 Max_NP_Msg=55 Current_Depth=0 Max_Depth=55 Current_High_Depth=0 Current_Norm_Depth=0 Current_Threads=56 Max_Threads=56 Busy_Threads=20 Current_Connections=2404 Max_Connections=2817 Exceeded_Limit=0 Core_Result=N"
"2026-06-19T01:06:02.179Z","i-023c16c7968372b38","smps_stats","[Fri Jun 19 2026 10:06:01] Msgs=808775197 Throughput=316.967489 Response_Time=17.660380 Wait_Time_In_Queue=0.006464 Max_HP_Msg=35 Max_NP_Msg=80 Current_Depth=0 Max_Depth=80 Current_High_Depth=0 Current_Norm_Depth=0 Current_Threads=55 Max_Threads=55 Busy_Threads=21 Current_Connections=2251 Max_Connections=3452 Exceeded_Limit=0 Core_Result=N"
"2026-06-19T01:05:02.483Z","i-00dd30849ccfba93a","smps_stats","[Fri Jun 19 2026 10:05:02] Msgs=790953398 Throughput=310.054025 Response_Time=17.494357 Wait_Time_In_Queue=0.005967 Max_HP_Msg=34 Max_NP_Msg=55 Current_Depth=0 Max_Depth=55 Current_High_Depth=0 Current_Norm_Depth=0 Current_Threads=56 Max_Threads=56 Busy_Threads=36 Current_Connections=2330 Max_Connections=2817 Exceeded_Limit=0 Core_Result=N"
"2026-06-19T01:05:02.143Z","i-023c16c7968372b38","smps_stats","[Fri Jun 19 2026 10:05:01] Msgs=808702091 Throughput=316.946291 Response_Time=17.660252 Wait_Time_In_Queue=0.006463 Max_HP_Msg=35 Max_NP_Msg=80 Current_Depth=0 Max_Depth=80 Current_High_Depth=0 Current_Norm_Depth=0 Current_Threads=55 Max_Threads=55 Busy_Threads=26 Current_Connections=2169 Max_Connections=3452 Exceeded_Limit=0 Core_Result=N"
"2026-06-19T01:05:01.903Z","i-06d8bd0429c15d38c","smps_stats","[Fri Jun 19 2026 10:05:01] Msgs=776989677 Throughput=304.618452 Response_Time=17.164177 Wait_Time_In_Queue=0.004781 Max_HP_Msg=30 Max_NP_Msg=51 Current_Depth=0 Max_Depth=51 Current_High_Depth=0 Current_Norm_Depth=0 Current_Threads=52 Max_Threads=52 Busy_Threads=25 Current_Connections=2183 Max_Connections=2778 Exceeded_Limit=0 Core_Result=N"
"2026-06-19T01:05:01.676Z","i-0a2328f9d6500e6c4","smps_stats","[Fri Jun 19 2026 10:05:01] Msgs=812119667 Throughput=318.431473 Response_Time=17.587977 Wait_Time_In_Queue=0.005619 Max_HP_Msg=32 Max_NP_Msg=59 Current_Depth=0 Max_Depth=59 Current_High_Depth=0 Current_Norm_Depth=0 Current_Threads=60 Max_Threads=60 Busy_Threads=29 Current_Connections=2223 Max_Connections=2877 Exceeded_Limit=0 Core_Result=N"
"2026-06-19T01:04:03.448Z","i-00dd30849ccfba93a","smps_stats","[Fri Jun 19 2026 10:04:02] Msgs=790885386 Throughput=310.034656 Response_Time=17.494235 Wait_Time_In_Queue=0.005966 Max_HP_Msg=34 Max_NP_Msg=55 Current_Depth=0 Max_Depth=55 Current_High_Depth=0 Current_Norm_Depth=0 Current_Threads=56 Max_Threads=56 Busy_Threads=35 Current_Connections=2250 Max_Connections=2817 Exceeded_Limit=0 Core_Result=N"
"2026-06-19T01:04:03.104Z","i-023c16c7968372b38","smps_stats","[Fri Jun 19 2026 10:04:01] Msgs=808630906 Throughput=316.925845 Response_Time=17.660144 Wait_Time_In_Queue=0.006463 Max_HP_Msg=35 Max_NP_Msg=80 Current_Depth=0 Max_Depth=80 Current_High_Depth=0 Current_Norm_Depth=0 Current_Threads=55 Max_Threads=55 Busy_Threads=36 Current_Connections=2421 Max_Connections=3452 Exceeded_Limit=0 Core_Result=N"
"2026-06-19T01:04:02.866Z","i-06d8bd0429c15d38c","smps_stats","[Fri Jun 19 2026 10:04:02] Msgs=776929521 Throughput=304.601914 Response_Time=17.164143 Wait_Time_In_Queue=0.004781 Max_HP_Msg=30 Max_NP_Msg=51 Current_Depth=1 Max_Depth=51 Current_High_Depth=0 Current_Norm_Depth=1 Current_Threads=52 Max_Threads=52 Busy_Threads=28 Current_Connections=2131 Max_Connections=2778 Exceeded_Limit=0 Core_Result=N"
"2026-06-19T01:04:02.640Z","i-0a2328f9d6500e6c4","smps_stats","[Fri Jun 19 2026 10:04:01] Msgs=812048716 Throughput=318.411144 Response_Time=17.587932 Wait_Time_In_Queue=0.005619 Max_HP_Msg=32 Max_NP_Msg=59 Current_Depth=0 Max_Depth=59 Current_High_Depth=0 Current_Norm_Depth=0 Current_Threads=60 Max_Threads=60 Busy_Threads=23 Current_Connections=2143 Max_Connections=2877 Exceeded_Limit=0 Core_Result=N"
"2026-06-19T01:03:02.828Z","i-06d8bd0429c15d38c","smps_stats","[Fri Jun 19 2026 10:03:02] Msgs=776866479 Throughput=304.584482 Response_Time=17.164109 Wait_Time_In_Queue=0.004781 Max_HP_Msg=30 Max_NP_Msg=51 Current_Depth=0 Max_Depth=51 Current_High_Depth=0 Current_Norm_Depth=0 Current_Threads=52 Max_Threads=52 Busy_Threads=21 Current_Connections=2286 Max_Connections=2778 Exceeded_Limit=0 Core_Result=N"
"2026-06-19T01:03:02.604Z","i-0a2328f9d6500e6c4","smps_stats","[Fri Jun 19 2026 10:03:02] Msgs=811978455 Throughput=318.390960 Response_Time=17.587882 Wait_Time_In_Queue=0.005619 Max_HP_Msg=32 Max_NP_Msg=59 Current_Depth=0 Max_Depth=59 Current_High_Depth=0 Current_Norm_Depth=0 Current_Threads=60 Max_Threads=60 Busy_Threads=23 Current_Connections=2340 Max_Connections=2877 Exceeded_Limit=0 Core_Result=N"
"2026-06-19T01:03:02.405Z","i-00dd30849ccfba93a","smps_stats","[Fri Jun 19 2026 10:03:01] Msgs=790813961 Throughput=310.014070 Response_Time=17.494125 Wait_Time_In_Queue=0.005966 Max_HP_Msg=34 Max_NP_Msg=55 Current_Depth=0 Max_Depth=55 Current_High_Depth=0 Current_Norm_Depth=0 Current_Threads=56 Max_Threads=56 Busy_Threads=32 Current_Connections=2462 Max_Connections=2817 Exceeded_Limit=0 Core_Result=N"
"2026-06-19T01:03:02.066Z","i-023c16c7968372b38","smps_stats","[Fri Jun 19 2026 10:03:01] Msgs=808559875 Throughput=316.905458 Response_Time=17.660013 Wait_Time_In_Queue=0.006463 Max_HP_Msg=35 Max_NP_Msg=80 Current_Depth=0 Max_Depth=80 Current_High_Depth=0 Current_Norm_Depth=0 Current_Threads=55 Max_Threads=55 Busy_Threads=38 Current_Connections=2355 Max_Connections=3452 Exceeded_Limit=0 Core_Result=N"
"2026-06-19T01:02:03.024Z","i-023c16c7968372b38","smps_stats","[Fri Jun 19 2026 10:02:02] Msgs=808490897 Throughput=316.885751 Response_Time=17.659840 Wait_Time_In_Queue=0.006463 Max_HP_Msg=35 Max_NP_Msg=80 Current_Depth=0 Max_Depth=80 Current_High_Depth=0 Current_Norm_Depth=0 Current_Threads=55 Max_Threads=55 Busy_Threads=21 Current_Connections=2246 Max_Connections=3452 Exceeded_Limit=0 Core_Result=N"
"2026-06-19T01:02:02.567Z","i-0a2328f9d6500e6c4","smps_stats","[Fri Jun 19 2026 10:02:01] Msgs=811909166 Throughput=318.371405 Response_Time=17.587830 Wait_Time_In_Queue=0.005619 Max_HP_Msg=32 Max_NP_Msg=59 Current_Depth=0 Max_Depth=59 Current_High_Depth=0 Current_Norm_Depth=0 Current_Threads=60 Max_Threads=60 Busy_Threads=21 Current_Connections=2262 Max_Connections=2877 Exceeded_Limit=0 Core_Result=N"
"2026-06-19T01:02:02.367Z","i-00dd30849ccfba93a","smps_stats","[Fri Jun 19 2026 10:02:01] Msgs=790746461 Throughput=309.994900 Response_Time=17.493981 Wait_Time_In_Queue=0.005966 Max_HP_Msg=34 Max_NP_Msg=55 Current_Depth=0 Max_Depth=55 Current_High_Depth=0 Current_Norm_Depth=0 Current_Threads=56 Max_Threads=56 Busy_Threads=26 Current_Connections=2406 Max_Connections=2817 Exceeded_Limit=0 Core_Result=N"
"2026-06-19T01:02:01.786Z","i-06d8bd0429c15d38c","smps_stats","[Fri Jun 19 2026 10:02:01] Msgs=776802014 Throughput=304.566372 Response_Time=17.164055 Wait_Time_In_Queue=0.004781 Max_HP_Msg=30 Max_NP_Msg=51 Current_Depth=0 Max_Depth=51 Current_High_Depth=0 Current_Norm_Depth=0 Current_Threads=52 Max_Threads=52 Busy_Threads=36 Current_Connections=2242 Max_Connections=2778 Exceeded_Limit=0 Core_Result=N"
"2026-06-19T01:01:02.748Z","i-06d8bd0429c15d38c","smps_stats","[Fri Jun 19 2026 10:01:02] Msgs=776738249 Throughput=304.548416 Response_Time=17.164016 Wait_Time_In_Queue=0.004781 Max_HP_Msg=30 Max_NP_Msg=51 Current_Depth=0 Max_Depth=51 Current_High_Depth=0 Current_Norm_Depth=0 Current_Threads=52 Max_Threads=52 Busy_Threads=33 Current_Connections=2171 Max_Connections=2778 Exceeded_Limit=0 Core_Result=N"
"2026-06-19T01:01:02.526Z","i-0a2328f9d6500e6c4","smps_stats","[Fri Jun 19 2026 10:01:01] Msgs=811843103 Throughput=318.352990 Response_Time=17.587769 Wait_Time_In_Queue=0.005619 Max_HP_Msg=32 Max_NP_Msg=59 Current_Depth=0 Max_Depth=59 Current_High_Depth=0 Current_Norm_Depth=0 Current_Threads=60 Max_Threads=60 Busy_Threads=20 Current_Connections=2193 Max_Connections=2877 Exceeded_Limit=0 Core_Result=N"
"2026-06-19T01:01:02.329Z","i-00dd30849ccfba93a","smps_stats","[Fri Jun 19 2026 10:01:01] Msgs=790678858 Throughput=309.975689 Response_Time=17.493823 Wait_Time_In_Queue=0.005966 Max_HP_Msg=34 Max_NP_Msg=55 Current_Depth=0 Max_Depth=55 Current_High_Depth=0 Current_Norm_Depth=0 Current_Threads=56 Max_Threads=56 Busy_Threads=38 Current_Connections=2350 Max_Connections=2817 Exceeded_Limit=0 Core_Result=N"
"2026-06-19T01:01:01.985Z","i-023c16c7968372b38","smps_stats","[Fri Jun 19 2026 10:01:01] Msgs=808423794 Throughput=316.867026 Response_Time=17.659698 Wait_Time_In_Queue=0.006463 Max_HP_Msg=35 Max_NP_Msg=80 Current_Depth=0 Max_Depth=80 Current_High_Depth=0 Current_Norm_Depth=0 Current_Threads=55 Max_Threads=55 Busy_Threads=27 Current_Connections=2195 Max_Connections=3452 Exceeded_Limit=0 Core_Result=N"
"2026-06-19T01:00:02.945Z","i-023c16c7968372b38","smps_stats","[Fri Jun 19 2026 10:00:01] Msgs=808354212 Throughput=316.847204 Response_Time=17.659514 Wait_Time_In_Queue=0.006463 Max_HP_Msg=35 Max_NP_Msg=80 Current_Depth=0 Max_Depth=80 Current_High_Depth=0 Current_Norm_Depth=0 Current_Threads=55 Max_Threads=55 Busy_Threads=23 Current_Connections=2105 Max_Connections=3452 Exceeded_Limit=0 Core_Result=N"
"2026-06-19T01:00:02.712Z","i-06d8bd0429c15d38c","smps_stats","[Fri Jun 19 2026 10:00:01] Msgs=776671094 Throughput=304.529369 Response_Time=17.163999 Wait_Time_In_Queue=0.004781 Max_HP_Msg=30 Max_NP_Msg=51 Current_Depth=0 Max_Depth=51 Current_High_Depth=0 Current_Norm_Depth=0 Current_Threads=52 Max_Threads=52 Busy_Threads=22 Current_Connections=2072 Max_Connections=2778 Exceeded_Limit=0 Core_Result=N"
"2026-06-19T01:00:02.488Z","i-0a2328f9d6500e6c4","smps_stats","[Fri Jun 19 2026 10:00:01] Msgs=811777304 Throughput=318.334678 Response_Time=17.587665 Wait_Time_In_Queue=0.005618 Max_HP_Msg=32 Max_NP_Msg=59 Current_Depth=2 Max_Depth=59 Current_High_Depth=0 Current_Norm_Depth=2 Current_Threads=60 Max_Threads=60 Busy_Threads=23 Current_Connections=2144 Max_Connections=2877 Exceeded_Limit=0 Core_Result=N"
"2026-06-19T01:00:02.291Z","i-00dd30849ccfba93a","smps_stats","[Fri Jun 19 2026 10:00:01] Msgs=790610380 Throughput=309.956134 Response_Time=17.493673 Wait_Time_In_Queue=0.005966 Max_HP_Msg=34 Max_NP_Msg=55 Current_Depth=0 Max_Depth=55 Current_High_Depth=0 Current_Norm_Depth=0 Current_Threads=56 Max_Threads=56 Busy_Threads=24 Current_Connections=2300 Max_Connections=2817 Exceeded_Limit=0 Core_Result=N"
"2026-06-19T00:59:02.450Z","i-0a2328f9d6500e6c4","smps_stats","[Fri Jun 19 2026 09:59:02] Msgs=811713543 Throughput=318.317039 Response_Time=17.587608 Wait_Time_In_Queue=0.005618 Max_HP_Msg=32 Max_NP_Msg=59 Current_Depth=0 Max_Depth=59 Current_High_Depth=0 Current_Norm_Depth=0 Current_Threads=60 Max_Threads=60 Busy_Threads=35 Current_Connections=2082 Max_Connections=2877 Exceeded_Limit=0 Core_Result=N"
"2026-06-19T00:59:02.254Z","i-00dd30849ccfba93a","smps_stats","[Fri Jun 19 2026 09:59:01] Msgs=790544815 Throughput=309.937720 Response_Time=17.493579 Wait_Time_In_Queue=0.005965 Max_HP_Msg=34 Max_NP_Msg=55 Current_Depth=0 Max_Depth=55 Current_High_Depth=0 Current_Norm_Depth=0 Current_Threads=56 Max_Threads=56 Busy_Threads=42 Current_Connections=2260 Max_Connections=2817 Exceeded_Limit=0 Core_Result=N"
"2026-06-19T00:59:01.906Z","i-023c16c7968372b38","smps_stats","[Fri Jun 19 2026 09:59:01] Msgs=808285994 Throughput=316.827916 Response_Time=17.659365 Wait_Time_In_Queue=0.006463 Max_HP_Msg=35 Max_NP_Msg=80 Current_Depth=0 Max_Depth=80 Current_High_Depth=0 Current_Norm_Depth=0 Current_Threads=55 Max_Threads=55 Busy_Threads=25 Current_Connections=2267 Max_Connections=3452 Exceeded_Limit=0 Core_Result=N"
"2026-06-19T00:59:01.675Z","i-06d8bd0429c15d38c","smps_stats","[Fri Jun 19 2026 09:59:01] Msgs=776606461 Throughput=304.511191 Response_Time=17.163993 Wait_Time_In_Queue=0.004781 Max_HP_Msg=30 Max_NP_Msg=51 Current_Depth=0 Max_Depth=51 Current_High_Depth=0 Current_Norm_Depth=0 Current_Threads=52 Max_Threads=52 Busy_Threads=26 Current_Connections=1942 Max_Connections=2778 Exceeded_Limit=0 Core_Result=N"
"2026-06-19T00:58:03.218Z","i-00dd30849ccfba93a","smps_stats","[Fri Jun 19 2026 09:58:02] Msgs=790480128 Throughput=309.919528 Response_Time=17.493473 Wait_Time_In_Queue=0.005965 Max_HP_Msg=34 Max_NP_Msg=55 Current_Depth=0 Max_Depth=55 Current_High_Depth=0 Current_Norm_Depth=0 Current_Threads=56 Max_Threads=56 Busy_Threads=15 Current_Connections=2407 Max_Connections=2817 Exceeded_Limit=0 Core_Result=N"
"2026-06-19T00:58:02.871Z","i-023c16c7968372b38","smps_stats","[Fri Jun 19 2026 09:58:02] Msgs=808219176 Throughput=316.809052 Response_Time=17.659222 Wait_Time_In_Queue=0.006463 Max_HP_Msg=35 Max_NP_Msg=80 Current_Depth=0 Max_Depth=80 Current_High_Depth=0 Current_Norm_Depth=0 Current_Threads=55 Max_Threads=55 Busy_Threads=17 Current_Connections=2197 Max_Connections=3452 Exceeded_Limit=0 Core_Result=N"
"2026-06-19T00:58:02.638Z","i-06d8bd0429c15d38c","smps_stats","[Fri Jun 19 2026 09:58:02] Msgs=776545405 Throughput=304.494295 Response_Time=17.163993 Wait_Time_In_Queue=0.004781 Max_HP_Msg=30 Max_NP_Msg=51 Current_Depth=0 Max_Depth=51 Current_High_Depth=0 Current_Norm_Depth=0 Current_Threads=52 Max_Threads=52 Busy_Threads=16 Current_Connections=2106 Max_Connections=2778 Exceeded_Limit=0 Core_Result=N"
"2026-06-19T00:58:02.412Z","i-0a2328f9d6500e6c4","smps_stats","[Fri Jun 19 2026 09:58:01] Msgs=811646235 Throughput=318.298258 Response_Time=17.587565 Wait_Time_In_Queue=0.005618 Max_HP_Msg=32 Max_NP_Msg=59 Current_Depth=0 Max_Depth=59 Current_High_Depth=0 Current_Norm_Depth=0 Current_Threads=60 Max_Threads=60 Busy_Threads=23 Current_Connections=2426 Max_Connections=2877 Exceeded_Limit=0 Core_Result=N"
"2026-06-19T00:57:02.833Z","i-023c16c7968372b38","smps_stats","[Fri Jun 19 2026 09:57:02] Msgs=808154775 Throughput=316.791258 Response_Time=17.659109 Wait_Time_In_Queue=0.006463 Max_HP_Msg=35 Max_NP_Msg=80 Current_Depth=0 Max_Depth=80 Current_High_Depth=0 Current_Norm_Depth=0 Current_Threads=55 Max_Threads=55 Busy_Threads=27 Current_Connections=2144 Max_Connections=3452 Exceeded_Limit=0 Core_Result=N"
"2026-06-19T00:57:02.371Z","i-0a2328f9d6500e6c4","smps_stats","[Fri Jun 19 2026 09:57:01] Msgs=811581819 Throughput=318.280486 Response_Time=17.587510 Wait_Time_In_Queue=0.005618 Max_HP_Msg=32 Max_NP_Msg=59 Current_Depth=0 Max_Depth=59 Current_High_Depth=0 Current_Norm_Depth=0 Current_Threads=60 Max_Threads=60 Busy_Threads=22 Current_Connections=2382 Max_Connections=2877 Exceeded_Limit=0 Core_Result=N"
"2026-06-19T00:57:02.178Z","i-00dd30849ccfba93a","smps_stats","[Fri Jun 19 2026 09:57:01] Msgs=790416405 Throughput=309.901956 Response_Time=17.493373 Wait_Time_In_Queue=0.005965 Max_HP_Msg=34 Max_NP_Msg=55 Current_Depth=1 Max_Depth=55 Current_High_Depth=0 Current_Norm_Depth=1 Current_Threads=56 Max_Threads=56 Busy_Threads=38 Current_Connections=2357 Max_Connections=2817 Exceeded_Limit=0 Core_Result=N"
"2026-06-19T00:57:01.600Z","i-06d8bd0429c15d38c","smps_stats","[Fri Jun 19 2026 09:57:01] Msgs=776484385 Throughput=304.477651 Response_Time=17.163986 Wait_Time_In_Queue=0.004781 Max_HP_Msg=30 Max_NP_Msg=51 Current_Depth=0 Max_Depth=51 Current_High_Depth=0 Current_Norm_Depth=0 Current_Threads=52 Max_Threads=52 Busy_Threads=18 Current_Connections=2080 Max_Connections=2778 Exceeded_Limit=0 Core_Result=N"
"2026-06-19T00:56:03.336Z","i-0a2328f9d6500e6c4","smps_stats","[Fri Jun 19 2026 09:56:02] Msgs=811515234 Throughput=318.261737 Response_Time=17.587459 Wait_Time_In_Queue=0.005618 Max_HP_Msg=32 Max_NP_Msg=59 Current_Depth=0 Max_Depth=59 Current_High_Depth=0 Current_Norm_Depth=0 Current_Threads=60 Max_Threads=60 Busy_Threads=24 Current_Connections=2336 Max_Connections=2877 Exceeded_Limit=0 Core_Result=N"
"2026-06-19T00:56:02.792Z","i-023c16c7968372b38","smps_stats","[Fri Jun 19 2026 09:56:01] Msgs=808088358 Throughput=316.772798 Response_Time=17.658990 Wait_Time_In_Queue=0.006463 Max_HP_Msg=35 Max_NP_Msg=80 Current_Depth=0 Max_Depth=80 Current_High_Depth=0 Current_Norm_Depth=0 Current_Threads=55 Max_Threads=55 Busy_Threads=17 Current_Connections=2083 Max_Connections=3452 Exceeded_Limit=0 Core_Result=N"
"2026-06-19T00:56:02.555Z","i-06d8bd0429c15d38c","smps_stats","[Fri Jun 19 2026 09:56:01] Msgs=776423363 Throughput=304.460886 Response_Time=17.164006 Wait_Time_In_Queue=0.004781 Max_HP_Msg=30 Max_NP_Msg=51 Current_Depth=0 Max_Depth=51 Current_High_Depth=0 Current_Norm_Depth=0 Current_Threads=52 Max_Threads=52 Busy_Threads=14 Current_Connections=2030 Max_Connections=2778 Exceeded_Limit=0 Core_Result=N"
"2026-06-19T00:56:02.139Z","i-00dd30849ccfba93a","smps_stats","[Fri Jun 19 2026 09:56:01] Msgs=790348349 Throughput=309.882563 Response_Time=17.493304 Wait_Time_In_Queue=0.005965 Max_HP_Msg=34 Max_NP_Msg=55 Current_Depth=0 Max_Depth=55 Current_High_Depth=0 Current_Norm_Depth=0 Current_Threads=56 Max_Threads=56 Busy_Threads=24 Current_Connections=2289 Max_Connections=2817 Exceeded_Limit=0 Core_Result=N"
"2026-06-19T00:55:03.099Z","i-00dd30849ccfba93a","smps_stats","[Fri Jun 19 2026 09:55:01] Msgs=790285217 Throughput=309.865099 Response_Time=17.493210 Wait_Time_In_Queue=0.005965 Max_HP_Msg=34 Max_NP_Msg=55 Current_Depth=0 Max_Depth=55 Current_High_Depth=0 Current_Norm_Depth=0 Current_Threads=56 Max_Threads=56 Busy_Threads=21 Current_Connections=2185 Max_Connections=2817 Exceeded_Limit=0 Core_Result=N"
"2026-06-19T00:55:02.517Z","i-06d8bd0429c15d38c","smps_stats","[Fri Jun 19 2026 09:55:01] Msgs=776359639 Throughput=304.443060 Response_Time=17.163986 Wait_Time_In_Queue=0.004781 Max_HP_Msg=30 Max_NP_Msg=51 Current_Depth=0 Max_Depth=51 Current_High_Depth=0 Current_Norm_Depth=0 Current_Threads=52 Max_Threads=52 Busy_Threads=17 Current_Connections=1980 Max_Connections=2778 Exceeded_Limit=0 Core_Result=N"
"2026-06-19T00:55:02.297Z","i-0a2328f9d6500e6c4","smps_stats","[Fri Jun 19 2026 09:55:01] Msgs=811450803 Throughput=318.244082 Response_Time=17.587434 Wait_Time_In_Queue=0.005618 Max_HP_Msg=32 Max_NP_Msg=59 Current_Depth=0 Max_Depth=59 Current_High_Depth=0 Current_Norm_Depth=0 Current_Threads=60 Max_Threads=60 Busy_Threads=14 Current_Connections=2242 Max_Connections=2877 Exceeded_Limit=0 Core_Result=N"
"2026-06-19T00:55:01.756Z","i-023c16c7968372b38","smps_stats","[Fri Jun 19 2026 09:55:01] Msgs=808023970 Throughput=316.755008 Response_Time=17.658885 Wait_Time_In_Queue=0.006463 Max_HP_Msg=35 Max_NP_Msg=80 Current_Depth=0 Max_Depth=80 Current_High_Depth=0 Current_Norm_Depth=0 Current_Threads=55 Max_Threads=55 Busy_Threads=21 Current_Connections=2001 Max_Connections=3452 Exceeded_Limit=0 Core_Result=N"
"2026-06-19T00:54:03.717Z","i-023c16c7968372b38","smps_stats","[Fri Jun 19 2026 09:54:02] Msgs=807960711 Throughput=316.737535 Response_Time=17.658777 Wait_Time_In_Queue=0.006463 Max_HP_Msg=35 Max_NP_Msg=80 Current_Depth=0 Max_Depth=80 Current_High_Depth=0 Current_Norm_Depth=0 Current_Threads=55 Max_Threads=55 Busy_Threads=25 Current_Connections=2187 Max_Connections=3452 Exceeded_Limit=0 Core_Result=N"
"2026-06-19T00:54:02.477Z","i-06d8bd0429c15d38c","smps_stats","[Fri Jun 19 2026 09:54:01] Msgs=776302878 Throughput=304.427965 Response_Time=17.163997 Wait_Time_In_Queue=0.004781 Max_HP_Msg=30 Max_NP_Msg=51 Current_Depth=0 Max_Depth=51 Current_High_Depth=0 Current_Norm_Depth=0 Current_Threads=52 Max_Threads=52 Busy_Threads=23 Current_Connections=1916 Max_Connections=2778 Exceeded_Limit=0 Core_Result=N"
"2026-06-19T00:54:02.260Z","i-0a2328f9d6500e6c4","smps_stats","[Fri Jun 19 2026 09:54:01] Msgs=811386901 Throughput=318.226508 Response_Time=17.587401 Wait_Time_In_Queue=0.005618 Max_HP_Msg=32 Max_NP_Msg=59 Current_Depth=0 Max_Depth=59 Current_High_Depth=0 Current_Norm_Depth=0 Current_Threads=60 Max_Threads=60 Busy_Threads=15 Current_Connections=2192 Max_Connections=2877 Exceeded_Limit=0 Core_Result=N"
"2026-06-19T00:54:02.061Z","i-00dd30849ccfba93a","smps_stats","[Fri Jun 19 2026 09:54:01] Msgs=790223991 Throughput=309.848382 Response_Time=17.493119 Wait_Time_In_Queue=0.005964 Max_HP_Msg=34 Max_NP_Msg=55 Current_Depth=0 Max_Depth=55 Current_High_Depth=0 Current_Norm_Depth=0 Current_Threads=56 Max_Threads=56 Busy_Threads=26 Current_Connections=2060 Max_Connections=2817 Exceeded_Limit=0 Core_Result=N"
"2026-06-19T00:53:03.023Z","i-00dd30849ccfba93a","smps_stats","[Fri Jun 19 2026 09:53:02] Msgs=790163900 Throughput=309.831988 Response_Time=17.493045 Wait_Time_In_Queue=0.005964 Max_HP_Msg=34 Max_NP_Msg=55 Current_Depth=0 Max_Depth=55 Current_High_Depth=0 Current_Norm_Depth=0 Current_Threads=56 Max_Threads=56 Busy_Threads=10 Current_Connections=2179 Max_Connections=2817 Exceeded_Limit=0 Core_Result=N"
"2026-06-19T00:53:02.680Z","i-023c16c7968372b38","smps_stats","[Fri Jun 19 2026 09:53:01] Msgs=807897110 Throughput=316.720176 Response_Time=17.658695 Wait_Time_In_Queue=0.006463 Max_HP_Msg=35 Max_NP_Msg=80 Current_Depth=0 Max_Depth=80 Current_High_Depth=0 Current_Norm_Depth=0 Current_Threads=55 Max_Threads=55 Busy_Threads=22 Current_Connections=2122 Max_Connections=3452 Exceeded_Limit=0 Core_Result=N"
"2026-06-19T00:53:02.439Z","i-06d8bd0429c15d38c","smps_stats","[Fri Jun 19 2026 09:53:01] Msgs=776240990 Throughput=304.410858 Response_Time=17.163987 Wait_Time_In_Queue=0.004781 Max_HP_Msg=30 Max_NP_Msg=51 Current_Depth=0 Max_Depth=51 Current_High_Depth=0 Current_Norm_Depth=0 Current_Threads=52 Max_Threads=52 Busy_Threads=19 Current_Connections=2246 Max_Connections=2778 Exceeded_Limit=0 Core_Result=N"
"2026-06-19T00:53:02.224Z","i-0a2328f9d6500e6c4","smps_stats","[Fri Jun 19 2026 09:53:01] Msgs=811323026 Throughput=318.208944 Response_Time=17.587362 Wait_Time_In_Queue=0.005618 Max_HP_Msg=32 Max_NP_Msg=59 Current_Depth=0 Max_Depth=59 Current_High_Depth=0 Current_Norm_Depth=0 Current_Threads=60 Max_Threads=60 Busy_Threads=20 Current_Connections=2464 Max_Connections=2877 Exceeded_Limit=0 Core_Result=N"
"2026-06-19T00:52:02.405Z","i-06d8bd0429c15d38c","smps_stats","[Fri Jun 19 2026 09:52:02] Msgs=776183845 Throughput=304.395491 Response_Time=17.164008 Wait_Time_In_Queue=0.004781 Max_HP_Msg=30 Max_NP_Msg=51 Current_Depth=0 Max_Depth=51 Current_High_Depth=0 Current_Norm_Depth=0 Current_Threads=52 Max_Threads=52 Busy_Threads=14 Current_Connections=2208 Max_Connections=2778 Exceeded_Limit=0 Core_Result=N"
"2026-06-19T00:52:02.187Z","i-0a2328f9d6500e6c4","smps_stats","[Fri Jun 19 2026 09:52:01] Msgs=811261892 Throughput=318.192455 Response_Time=17.587330 Wait_Time_In_Queue=0.005618 Max_HP_Msg=32 Max_NP_Msg=59 Current_Depth=0 Max_Depth=59 Current_High_Depth=0 Current_Norm_Depth=0 Current_Threads=60 Max_Threads=60 Busy_Threads=18 Current_Connections=2400 Max_Connections=2877 Exceeded_Limit=0 Core_Result=N"
"2026-06-19T00:52:01.977Z","i-00dd30849ccfba93a","smps_stats","[Fri Jun 19 2026 09:52:01] Msgs=790104969 Throughput=309.816291 Response_Time=17.492998 Wait_Time_In_Queue=0.005964 Max_HP_Msg=34 Max_NP_Msg=55 Current_Depth=0 Max_Depth=55 Current_High_Depth=0 Current_Norm_Depth=0 Current_Threads=56 Max_Threads=56 Busy_Threads=19 Current_Connections=2105 Max_Connections=2817 Exceeded_Limit=0 Core_Result=N"
"2026-06-19T00:52:01.638Z","i-023c16c7968372b38","smps_stats","[Fri Jun 19 2026 09:52:01] Msgs=807835020 Throughput=316.703284 Response_Time=17.658603 Wait_Time_In_Queue=0.006463 Max_HP_Msg=35 Max_NP_Msg=80 Current_Depth=0 Max_Depth=80 Current_High_Depth=0 Current_Norm_Depth=0 Current_Threads=55 Max_Threads=55 Busy_Threads=29 Current_Connections=2022 Max_Connections=3452 Exceeded_Limit=0 Core_Result=N"
"2026-06-19T00:51:03.368Z","i-06d8bd0429c15d38c","smps_stats","[Fri Jun 19 2026 09:51:02] Msgs=776127134 Throughput=304.380412 Response_Time=17.163998 Wait_Time_In_Queue=0.004781 Max_HP_Msg=30 Max_NP_Msg=51 Current_Depth=0 Max_Depth=51 Current_High_Depth=0 Current_Norm_Depth=0 Current_Threads=52 Max_Threads=52 Busy_Threads=27 Current_Connections=2181 Max_Connections=2778 Exceeded_Limit=0 Core_Result=N"
"2026-06-19T00:51:03.152Z","i-0a2328f9d6500e6c4","smps_stats","[Fri Jun 19 2026 09:51:02] Msgs=811200537 Throughput=318.175753 Response_Time=17.587254 Wait_Time_In_Queue=0.005618 Max_HP_Msg=32 Max_NP_Msg=59 Current_Depth=0 Max_Depth=59 Current_High_Depth=0 Current_Norm_Depth=0 Current_Threads=60 Max_Threads=60 Busy_Threads=22 Current_Connections=2336 Max_Connections=2877 Exceeded_Limit=0 Core_Result=N"
"2026-06-19T00:51:02.936Z","i-00dd30849ccfba93a","smps_stats","[Fri Jun 19 2026 09:51:01] Msgs=790043763 Throughput=309.799580 Response_Time=17.492949 Wait_Time_In_Queue=0.005964 Max_HP_Msg=34 Max_NP_Msg=55 Current_Depth=0 Max_Depth=55 Current_High_Depth=0 Current_Norm_Depth=0 Current_Threads=56 Max_Threads=56 Busy_Threads=19 Current_Connections=2067 Max_Connections=2817 Exceeded_Limit=0 Core_Result=N"
"2026-06-19T00:51:02.599Z","i-023c16c7968372b38","smps_stats","[Fri Jun 19 2026 09:51:01] Msgs=807771759 Throughput=316.685933 Response_Time=17.658520 Wait_Time_In_Queue=0.006463 Max_HP_Msg=35 Max_NP_Msg=80 Current_Depth=0 Max_Depth=80 Current_High_Depth=0 Current_Norm_Depth=0 Current_Threads=55 Max_Threads=55 Busy_Threads=20 Current_Connections=1979 Max_Connections=3452 Exceeded_Limit=0 Core_Result=N"
"2026-06-19T00:50:02.559Z","i-023c16c7968372b38","smps_stats","[Fri Jun 19 2026 09:50:02] Msgs=807710886 Throughput=316.669393 Response_Time=17.658450 Wait_Time_In_Queue=0.006463 Max_HP_Msg=35 Max_NP_Msg=80 Current_Depth=1 Max_Depth=80 Current_High_Depth=0 Current_Norm_Depth=1 Current_Threads=55 Max_Threads=55 Busy_Threads=28 Current_Connections=1923 Max_Connections=3452 Exceeded_Limit=0 Core_Result=N"
"2026-06-19T00:50:02.334Z","i-06d8bd0429c15d38c","smps_stats","[Fri Jun 19 2026 09:50:01] Msgs=776073604 Throughput=304.366700 Response_Time=17.164000 Wait_Time_In_Queue=0.004781 Max_HP_Msg=30 Max_NP_Msg=51 Current_Depth=0 Max_Depth=51 Current_High_Depth=0 Current_Norm_Depth=0 Current_Threads=52 Max_Threads=52 Busy_Threads=19 Current_Connections=2143 Max_Connections=2778 Exceeded_Limit=0 Core_Result=N"
"2026-06-19T00:50:02.110Z","i-0a2328f9d6500e6c4","smps_stats","[Fri Jun 19 2026 09:50:01] Msgs=811136974 Throughput=318.158434 Response_Time=17.587229 Wait_Time_In_Queue=0.005618 Max_HP_Msg=32 Max_NP_Msg=59 Current_Depth=0 Max_Depth=59 Current_High_Depth=0 Current_Norm_Depth=0 Current_Threads=60 Max_Threads=60 Busy_Threads=18 Current_Connections=2276 Max_Connections=2877 Exceeded_Limit=0 Core_Result=N"
"2026-06-19T00:50:01.893Z","i-00dd30849ccfba93a","smps_stats","[Fri Jun 19 2026 09:50:01] Msgs=789982783 Throughput=309.782956 Response_Time=17.492844 Wait_Time_In_Queue=0.005964 Max_HP_Msg=34 Max_NP_Msg=55 Current_Depth=0 Max_Depth=55 Current_High_Depth=0 Current_Norm_Depth=0 Current_Threads=56 Max_Threads=56 Busy_Threads=28 Current_Connections=2000 Max_Connections=2817 Exceeded_Limit=0 Core_Result=N"
"2026-06-19T00:49:02.853Z","i-00dd30849ccfba93a","smps_stats","[Fri Jun 19 2026 09:49:01] Msgs=789923807 Throughput=309.767118 Response_Time=17.492737 Wait_Time_In_Queue=0.005964 Max_HP_Msg=34 Max_NP_Msg=55 Current_Depth=0 Max_Depth=55 Current_High_Depth=0 Current_Norm_Depth=0 Current_Threads=56 Max_Threads=56 Busy_Threads=22 Current_Connections=1910 Max_Connections=2817 Exceeded_Limit=0 Core_Result=N"
"2026-06-19T00:49:02.523Z","i-023c16c7968372b38","smps_stats","[Fri Jun 19 2026 09:49:01] Msgs=807648400 Throughput=316.652467 Response_Time=17.658349 Wait_Time_In_Queue=0.006464 Max_HP_Msg=35 Max_NP_Msg=80 Current_Depth=0 Max_Depth=80 Current_High_Depth=0 Current_Norm_Depth=0 Current_Threads=55 Max_Threads=55 Busy_Threads=16 Current_Connections=2109 Max_Connections=3452 Exceeded_Limit=0 Core_Result=N"
"2026-06-19T00:49:02.296Z","i-06d8bd0429c15d38c","smps_stats","[Fri Jun 19 2026 09:49:01] Msgs=776018085 Throughput=304.352088 Response_Time=17.164006 Wait_Time_In_Queue=0.004781 Max_HP_Msg=30 Max_NP_Msg=51 Current_Depth=0 Max_Depth=51 Current_High_Depth=0 Current_Norm_Depth=0 Current_Threads=52 Max_Threads=52 Busy_Threads=12 Current_Connections=2113 Max_Connections=2778 Exceeded_Limit=0 Core_Result=N"
"2026-06-19T00:49:02.070Z","i-0a2328f9d6500e6c4","smps_stats","[Fri Jun 19 2026 09:49:01] Msgs=811077832 Throughput=318.142724 Response_Time=17.587185 Wait_Time_In_Queue=0.005618 Max_HP_Msg=32 Max_NP_Msg=59 Current_Depth=0 Max_Depth=59 Current_High_Depth=0 Current_Norm_Depth=0 Current_Threads=60 Max_Threads=60 Busy_Threads=25 Current_Connections=2196 Max_Connections=2877 Exceeded_Limit=0 Core_Result=N"
"2026-06-19T00:48:03.261Z","i-06d8bd0429c15d38c","smps_stats","[Fri Jun 19 2026 09:48:02] Msgs=775964464 Throughput=304.338101 Response_Time=17.164036 Wait_Time_In_Queue=0.004781 Max_HP_Msg=30 Max_NP_Msg=51 Current_Depth=0 Max_Depth=51 Current_High_Depth=0 Current_Norm_Depth=0 Current_Threads=52 Max_Threads=52 Busy_Threads=11 Current_Connections=2271 Max_Connections=2778 Exceeded_Limit=0 Core_Result=N"
"2026-06-19T00:48:03.032Z","i-0a2328f9d6500e6c4","smps_stats","[Fri Jun 19 2026 09:48:02] Msgs=811018323 Throughput=318.126744 Response_Time=17.587167 Wait_Time_In_Queue=0.005618 Max_HP_Msg=32 Max_NP_Msg=59 Current_Depth=0 Max_Depth=59 Current_High_Depth=0 Current_Norm_Depth=0 Current_Threads=60 Max_Threads=60 Busy_Threads=18 Current_Connections=2464 Max_Connections=2877 Exceeded_Limit=0 Core_Result=N"
"2026-06-19T00:48:02.814Z","i-00dd30849ccfba93a","smps_stats","[Fri Jun 19 2026 09:48:01] Msgs=789863766 Throughput=309.750861 Response_Time=17.492668 Wait_Time_In_Queue=0.005964 Max_HP_Msg=34 Max_NP_Msg=55 Current_Depth=0 Max_Depth=55 Current_High_Depth=0 Current_Norm_Depth=0 Current_Threads=56 Max_Threads=56 Busy_Threads=30 Current_Connections=2241 Max_Connections=2817 Exceeded_Limit=0 Core_Result=N"
"2026-06-19T00:48:02.483Z","i-023c16c7968372b38","smps_stats","[Fri Jun 19 2026 09:48:01] Msgs=807588854 Throughput=316.636570 Response_Time=17.658245 Wait_Time_In_Queue=0.006464 Max_HP_Msg=35 Max_NP_Msg=80 Current_Depth=0 Max_Depth=80 Current_High_Depth=0 Current_Norm_Depth=0 Current_Threads=55 Max_Threads=55 Busy_Threads=34 Current_Connections=2046 Max_Connections=3452 Exceeded_Limit=0 Core_Result=N"
"2026-06-19T00:47:02.440Z","i-023c16c7968372b38","smps_stats","[Fri Jun 19 2026 09:47:01] Msgs=807527817 Throughput=316.620087 Response_Time=17.658176 Wait_Time_In_Queue=0.006464 Max_HP_Msg=35 Max_NP_Msg=80 Current_Depth=0 Max_Depth=80 Current_High_Depth=0 Current_Norm_Depth=0 Current_Threads=55 Max_Threads=55 Busy_Threads=15 Current_Connections=2003 Max_Connections=3452 Exceeded_Limit=0 Core_Result=N"
"2026-06-19T00:47:02.222Z","i-06d8bd0429c15d38c","smps_stats","[Fri Jun 19 2026 09:47:01] Msgs=775909873 Throughput=304.323970 Response_Time=17.164050 Wait_Time_In_Queue=0.004781 Max_HP_Msg=30 Max_NP_Msg=51 Current_Depth=0 Max_Depth=51 Current_High_Depth=0 Current_Norm_Depth=0 Current_Threads=52 Max_Threads=52 Busy_Threads=23 Current_Connections=2207 Max_Connections=2778 Exceeded_Limit=0 Core_Result=N"
"2026-06-19T00:47:01.991Z","i-0a2328f9d6500e6c4","smps_stats","[Fri Jun 19 2026 09:47:01] Msgs=810958749 Throughput=318.110987 Response_Time=17.587142 Wait_Time_In_Queue=0.005618 Max_HP_Msg=32 Max_NP_Msg=59 Current_Depth=0 Max_Depth=59 Current_High_Depth=0 Current_Norm_Depth=0 Current_Threads=60 Max_Threads=60 Busy_Threads=19 Current_Connections=2331 Max_Connections=2877 Exceeded_Limit=0 Core_Result=N"
"2026-06-19T00:47:01.774Z","i-00dd30849ccfba93a","smps_stats","[Fri Jun 19 2026 09:47:01] Msgs=789803441 Throughput=309.734492 Response_Time=17.492583 Wait_Time_In_Queue=0.005964 Max_HP_Msg=34 Max_NP_Msg=55 Current_Depth=0 Max_Depth=55 Current_High_Depth=0 Current_Norm_Depth=0 Current_Threads=56 Max_Threads=56 Busy_Threads=18 Current_Connections=2177 Max_Connections=2817 Exceeded_Limit=0 Core_Result=N"
"2026-06-19T00:46:02.946Z","i-0a2328f9d6500e6c4","smps_stats","[Fri Jun 19 2026 09:46:02] Msgs=810904289 Throughput=318.096986 Response_Time=17.587124 Wait_Time_In_Queue=0.005618 Max_HP_Msg=32 Max_NP_Msg=59 Current_Depth=0 Max_Depth=59 Current_High_Depth=0 Current_Norm_Depth=0 Current_Threads=60 Max_Threads=60 Busy_Threads=27 Current_Connections=2229 Max_Connections=2877 Exceeded_Limit=0 Core_Result=N"
"2026-06-19T00:46:02.186Z","i-06d8bd0429c15d38c","smps_stats","[Fri Jun 19 2026 09:46:01] Msgs=775855328 Throughput=304.309738 Response_Time=17.164074 Wait_Time_In_Queue=0.004781 Max_HP_Msg=30 Max_NP_Msg=51 Current_Depth=0 Max_Depth=51 Current_High_Depth=0 Current_Norm_Depth=0 Current_Threads=52 Max_Threads=52 Busy_Threads=14 Current_Connections=2167 Max_Connections=2778 Exceeded_Limit=0 Core_Result=N"
"2026-06-19T00:46:01.733Z","i-00dd30849ccfba93a","smps_stats","[Fri Jun 19 2026 09:46:01] Msgs=789740887 Throughput=309.717248 Response_Time=17.492526 Wait_Time_In_Queue=0.005964 Max_HP_Msg=34 Max_NP_Msg=55 Current_Depth=0 Max_Depth=55 Current_High_Depth=0 Current_Norm_Depth=0 Current_Threads=56 Max_Threads=56 Busy_Threads=14 Current_Connections=2129 Max_Connections=2817 Exceeded_Limit=0 Core_Result=N"
"2026-06-19T00:46:01.400Z","i-023c16c7968372b38","smps_stats","[Fri Jun 19 2026 09:46:01] Msgs=807469506 Throughput=316.604672 Response_Time=17.658114 Wait_Time_In_Queue=0.006464 Max_HP_Msg=35 Max_NP_Msg=80 Current_Depth=0 Max_Depth=80 Current_High_Depth=0 Current_Norm_Depth=0 Current_Threads=55 Max_Threads=55 Busy_Threads=16 Current_Connections=1956 Max_Connections=3452 Exceeded_Limit=0 Core_Result=N"
"2026-06-19T00:45:02.907Z","i-0a2328f9d6500e6c4","smps_stats","[Fri Jun 19 2026 09:45:02] Msgs=810847600 Throughput=318.082235 Response_Time=17.587096 Wait_Time_In_Queue=0.005618 Max_HP_Msg=32 Max_NP_Msg=59 Current_Depth=0 Max_Depth=59 Current_High_Depth=0 Current_Norm_Depth=0 Current_Threads=60 Max_Threads=60 Busy_Threads=16 Current_Connections=2167 Max_Connections=2877 Exceeded_Limit=0 Core_Result=N"
"2026-06-19T00:45:02.694Z","i-00dd30849ccfba93a","smps_stats","[Fri Jun 19 2026 09:45:02] Msgs=789680588 Throughput=309.700766 Response_Time=17.492458 Wait_Time_In_Queue=0.005964 Max_HP_Msg=34 Max_NP_Msg=55 Current_Depth=0 Max_Depth=55 Current_High_Depth=0 Current_Norm_Depth=0 Current_Threads=56 Max_Threads=56 Busy_Threads=25 Current_Connections=2105 Max_Connections=2817 Exceeded_Limit=0 Core_Result=N"
"2026-06-19T00:45:02.360Z","i-023c16c7968372b38","smps_stats","[Fri Jun 19 2026 09:45:02] Msgs=807410198 Throughput=316.588742 Response_Time=17.658046 Wait_Time_In_Queue=0.006464 Max_HP_Msg=35 Max_NP_Msg=80 Current_Depth=0 Max_Depth=80 Current_High_Depth=0 Current_Norm_Depth=0 Current_Threads=55 Max_Threads=55 Busy_Threads=12 Current_Connections=1912 Max_Connections=3452 Exceeded_Limit=0 Core_Result=N"
"2026-06-19T00:45:02.152Z","i-06d8bd0429c15d38c","smps_stats","[Fri Jun 19 2026 09:45:01] Msgs=775800849 Throughput=304.295532 Response_Time=17.164102 Wait_Time_In_Queue=0.004781 Max_HP_Msg=30 Max_NP_Msg=51 Current_Depth=0 Max_Depth=51 Current_High_Depth=0 Current_Norm_Depth=0 Current_Threads=52 Max_Threads=52 Busy_Threads=19 Current_Connections=2097 Max_Connections=2778 Exceeded_Limit=0 Core_Result=N"
"2026-06-19T00:44:03.322Z","i-023c16c7968372b38","smps_stats","[Fri Jun 19 2026 09:44:02] Msgs=807350547 Throughput=316.572800 Response_Time=17.657977 Wait_Time_In_Queue=0.006464 Max_HP_Msg=35 Max_NP_Msg=80 Current_Depth=0 Max_Depth=80 Current_High_Depth=0 Current_Norm_Depth=0 Current_Threads=55 Max_Threads=55 Busy_Threads=13 Current_Connections=2160 Max_Connections=3452 Exceeded_Limit=0 Core_Result=N"
"2026-06-19T00:44:02.114Z","i-06d8bd0429c15d38c","smps_stats","[Fri Jun 19 2026 09:44:01] Msgs=775746358 Throughput=304.281319 Response_Time=17.164096 Wait_Time_In_Queue=0.004782 Max_HP_Msg=30 Max_NP_Msg=51 Current_Depth=0 Max_Depth=51 Current_High_Depth=0 Current_Norm_Depth=0 Current_Threads=52 Max_Threads=52 Busy_Threads=15 Current_Connections=2075 Max_Connections=2778 Exceeded_Limit=0 Core_Result=N"
"2026-06-19T00:44:01.868Z","i-0a2328f9d6500e6c4","smps_stats","[Fri Jun 19 2026 09:44:01] Msgs=810791006 Throughput=318.067645 Response_Time=17.587054 Wait_Time_In_Queue=0.005618 Max_HP_Msg=32 Max_NP_Msg=59 Current_Depth=0 Max_Depth=59 Current_High_Depth=0 Current_Norm_Depth=0 Current_Threads=60 Max_Threads=60 Busy_Threads=22 Current_Connections=2085 Max_Connections=2877 Exceeded_Limit=0 Core_Result=N"
"2026-06-19T00:44:01.650Z","i-00dd30849ccfba93a","smps_stats","[Fri Jun 19 2026 09:44:01] Msgs=789620668 Throughput=309.684675 Response_Time=17.492401 Wait_Time_In_Queue=0.005964 Max_HP_Msg=34 Max_NP_Msg=55 Current_Depth=0 Max_Depth=55 Current_High_Depth=0 Current_Norm_Depth=0 Current_Threads=56 Max_Threads=56 Busy_Threads=39 Current_Connections=2047 Max_Connections=2817 Exceeded_Limit=0 Core_Result=N"
"2026-06-19T00:43:02.610Z","i-00dd30849ccfba93a","smps_stats","[Fri Jun 19 2026 09:43:01] Msgs=789559793 Throughput=309.668087 Response_Time=17.492339 Wait_Time_In_Queue=0.005964 Max_HP_Msg=34 Max_NP_Msg=55 Current_Depth=0 Max_Depth=55 Current_High_Depth=0 Current_Norm_Depth=0 Current_Threads=56 Max_Threads=56 Busy_Threads=26 Current_Connections=2276 Max_Connections=2817 Exceeded_Limit=0 Core_Result=N"
"2026-06-19T00:43:02.284Z","i-023c16c7968372b38","smps_stats","[Fri Jun 19 2026 09:43:01] Msgs=807289962 Throughput=316.556616 Response_Time=17.657943 Wait_Time_In_Queue=0.006464 Max_HP_Msg=35 Max_NP_Msg=80 Current_Depth=0 Max_Depth=80 Current_High_Depth=0 Current_Norm_Depth=0 Current_Threads=55 Max_Threads=55 Busy_Threads=24 Current_Connections=2116 Max_Connections=3452 Exceeded_Limit=0 Core_Result=N"
"2026-06-19T00:43:02.079Z","i-06d8bd0429c15d38c","smps_stats","[Fri Jun 19 2026 09:43:01] Msgs=775693765 Throughput=304.267851 Response_Time=17.164122 Wait_Time_In_Queue=0.004782 Max_HP_Msg=30 Max_NP_Msg=51 Current_Depth=0 Max_Depth=51 Current_High_Depth=0 Current_Norm_Depth=0 Current_Threads=52 Max_Threads=52 Busy_Threads=26 Current_Connections=2266 Max_Connections=2778 Exceeded_Limit=0 Core_Result=N"
"2026-06-19T00:43:01.827Z","i-0a2328f9d6500e6c4","smps_stats","[Fri Jun 19 2026 09:43:01] Msgs=810732073 Throughput=318.052013 Response_Time=17.587014 Wait_Time_In_Queue=0.005618 Max_HP_Msg=32 Max_NP_Msg=59 Current_Depth=0 Max_Depth=59 Current_High_Depth=0 Current_Norm_Depth=0 Current_Threads=60 Max_Threads=60 Busy_Threads=13 Current_Connections=2240 Max_Connections=2877 Exceeded_Limit=0 Core_Result=N"
"2026-06-19T00:42:02.572Z","i-00dd30849ccfba93a","smps_stats","[Fri Jun 19 2026 09:42:02] Msgs=789504789 Throughput=309.653680 Response_Time=17.492264 Wait_Time_In_Queue=0.005964 Max_HP_Msg=34 Max_NP_Msg=55 Current_Depth=0 Max_Depth=55 Current_High_Depth=0 Current_Norm_Depth=0 Current_Threads=56 Max_Threads=56 Busy_Threads=8 Current_Connections=2232 Max_Connections=2817 Exceeded_Limit=0 Core_Result=N"
"2026-06-19T00:42:02.247Z","i-023c16c7968372b38","smps_stats","[Fri Jun 19 2026 09:42:02] Msgs=807230358 Throughput=316.540567 Response_Time=17.657864 Wait_Time_In_Queue=0.006464 Max_HP_Msg=35 Max_NP_Msg=80 Current_Depth=0 Max_Depth=80 Current_High_Depth=0 Current_Norm_Depth=0 Current_Threads=55 Max_Threads=55 Busy_Threads=37 Current_Connections=2051 Max_Connections=3452 Exceeded_Limit=0 Core_Result=N"
"2026-06-19T00:42:02.041Z","i-06d8bd0429c15d38c","smps_stats","[Fri Jun 19 2026 09:42:01] Msgs=775637494 Throughput=304.252939 Response_Time=17.164170 Wait_Time_In_Queue=0.004782 Max_HP_Msg=30 Max_NP_Msg=51 Current_Depth=0 Max_Depth=51 Current_High_Depth=0 Current_Norm_Depth=0 Current_Threads=52 Max_Threads=52 Busy_Threads=38 Current_Connections=2205 Max_Connections=2778 Exceeded_Limit=0 Core_Result=N"
"2026-06-19T00:42:01.787Z","i-0a2328f9d6500e6c4","smps_stats","[Fri Jun 19 2026 09:42:01] Msgs=810673857 Throughput=318.036660 Response_Time=17.587006 Wait_Time_In_Queue=0.005618 Max_HP_Msg=32 Max_NP_Msg=59 Current_Depth=0 Max_Depth=59 Current_High_Depth=0 Current_Norm_Depth=0 Current_Threads=60 Max_Threads=60 Busy_Threads=26 Current_Connections=2178 Max_Connections=2877 Exceeded_Limit=0 Core_Result=N"
"2026-06-19T00:41:03.006Z","i-06d8bd0429c15d38c","smps_stats","[Fri Jun 19 2026 09:41:02] Msgs=775585167 Throughput=304.239454 Response_Time=17.164169 Wait_Time_In_Queue=0.004782 Max_HP_Msg=30 Max_NP_Msg=51 Current_Depth=0 Max_Depth=51 Current_High_Depth=0 Current_Norm_Depth=0 Current_Threads=52 Max_Threads=52 Busy_Threads=27 Current_Connections=2147 Max_Connections=2778 Exceeded_Limit=0 Core_Result=N"
"2026-06-19T00:41:02.531Z","i-00dd30849ccfba93a","smps_stats","[Fri Jun 19 2026 09:41:01] Msgs=789446936 Throughput=309.638397 Response_Time=17.492185 Wait_Time_In_Queue=0.005964 Max_HP_Msg=34 Max_NP_Msg=55 Current_Depth=0 Max_Depth=55 Current_High_Depth=0 Current_Norm_Depth=0 Current_Threads=56 Max_Threads=56 Busy_Threads=13 Current_Connections=2186 Max_Connections=2817 Exceeded_Limit=0 Core_Result=N"
"2026-06-19T00:41:02.210Z","i-023c16c7968372b38","smps_stats","[Fri Jun 19 2026 09:41:01] Msgs=807170221 Throughput=316.524556 Response_Time=17.657805 Wait_Time_In_Queue=0.006464 Max_HP_Msg=35 Max_NP_Msg=80 Current_Depth=0 Max_Depth=80 Current_High_Depth=0 Current_Norm_Depth=0 Current_Threads=55 Max_Threads=55 Busy_Threads=30 Current_Connections=2020 Max_Connections=3452 Exceeded_Limit=0 Core_Result=N"
"2026-06-19T00:41:01.745Z","i-0a2328f9d6500e6c4","smps_stats","[Fri Jun 19 2026 09:41:01] Msgs=810615324 Throughput=318.021183 Response_Time=17.586991 Wait_Time_In_Queue=0.005618 Max_HP_Msg=32 Max_NP_Msg=59 Current_Depth=0 Max_Depth=59 Current_High_Depth=0 Current_Norm_Depth=0 Current_Threads=60 Max_Threads=60 Busy_Threads=23 Current_Connections=2067 Max_Connections=2877 Exceeded_Limit=0 Core_Result=N"
"2026-06-19T00:40:02.707Z","i-0a2328f9d6500e6c4","smps_stats","[Fri Jun 19 2026 09:40:01] Msgs=810557414 Throughput=318.005949 Response_Time=17.586973 Wait_Time_In_Queue=0.005618 Max_HP_Msg=32 Max_NP_Msg=59 Current_Depth=0 Max_Depth=59 Current_High_Depth=0 Current_Norm_Depth=0 Current_Threads=60 Max_Threads=60 Busy_Threads=17 Current_Connections=2010 Max_Connections=2877 Exceeded_Limit=0 Core_Result=N"
"2026-06-19T00:40:02.493Z","i-00dd30849ccfba93a","smps_stats","[Fri Jun 19 2026 09:40:01] Msgs=789390635 Throughput=309.623601 Response_Time=17.492117 Wait_Time_In_Queue=0.005964 Max_HP_Msg=34 Max_NP_Msg=55 Current_Depth=0 Max_Depth=55 Current_High_Depth=0 Current_Norm_Depth=0 Current_Threads=56 Max_Threads=56 Busy_Threads=11 Current_Connections=2158 Max_Connections=2817 Exceeded_Limit=0 Core_Result=N"
"2026-06-19T00:40:02.172Z","i-023c16c7968372b38","smps_stats","[Fri Jun 19 2026 09:40:01] Msgs=807109513 Throughput=316.508197 Response_Time=17.657739 Wait_Time_In_Queue=0.006464 Max_HP_Msg=35 Max_NP_Msg=80 Current_Depth=0 Max_Depth=80 Current_High_Depth=0 Current_Norm_Depth=0 Current_Threads=55 Max_Threads=55 Busy_Threads=12 Current_Connections=1984 Max_Connections=3452 Exceeded_Limit=0 Core_Result=N"
"2026-06-19T00:40:01.966Z","i-06d8bd0429c15d38c","smps_stats","[Fri Jun 19 2026 09:40:01] Msgs=775531362 Throughput=304.225628 Response_Time=17.164222 Wait_Time_In_Queue=0.004782 Max_HP_Msg=30 Max_NP_Msg=51 Current_Depth=0 Max_Depth=51 Current_High_Depth=0 Current_Norm_Depth=0 Current_Threads=52 Max_Threads=52 Busy_Threads=19 Current_Connections=2049 Max_Connections=2778 Exceeded_Limit=0 Core_Result=N"
"2026-06-19T00:39:02.670Z","i-0a2328f9d6500e6c4","smps_stats","[Fri Jun 19 2026 09:39:01] Msgs=810501093 Throughput=317.991338 Response_Time=17.586967 Wait_Time_In_Queue=0.005618 Max_HP_Msg=32 Max_NP_Msg=59 Current_Depth=0 Max_Depth=59 Current_High_Depth=0 Current_Norm_Depth=0 Current_Threads=60 Max_Threads=60 Busy_Threads=16 Current_Connections=1928 Max_Connections=2877 Exceeded_Limit=0 Core_Result=N"
"2026-06-19T00:39:02.454Z","i-00dd30849ccfba93a","smps_stats","[Fri Jun 19 2026 09:39:01] Msgs=789333988 Throughput=309.608669 Response_Time=17.492042 Wait_Time_In_Queue=0.005964 Max_HP_Msg=34 Max_NP_Msg=55 Current_Depth=0 Max_Depth=55 Current_High_Depth=0 Current_Norm_Depth=0 Current_Threads=56 Max_Threads=56 Busy_Threads=34 Current_Connections=2106 Max_Connections=2817 Exceeded_Limit=0 Core_Result=N"
"2026-06-19T00:39:02.140Z","i-023c16c7968372b38","smps_stats","[Fri Jun 19 2026 09:39:01] Msgs=807050778 Throughput=316.492611 Response_Time=17.657699 Wait_Time_In_Queue=0.006465 Max_HP_Msg=35 Max_NP_Msg=80 Current_Depth=0 Max_Depth=80 Current_High_Depth=0 Current_Norm_Depth=0 Current_Threads=55 Max_Threads=55 Busy_Threads=28 Current_Connections=2212 Max_Connections=3452 Exceeded_Limit=0 Core_Result=N"
"2026-06-19T00:39:01.930Z","i-06d8bd0429c15d38c","smps_stats","[Fri Jun 19 2026 09:39:01] Msgs=775480526 Throughput=304.212846 Response_Time=17.164223 Wait_Time_In_Queue=0.004782 Max_HP_Msg=30 Max_NP_Msg=51 Current_Depth=0 Max_Depth=51 Current_High_Depth=0 Current_Norm_Depth=0 Current_Threads=52 Max_Threads=52 Busy_Threads=22 Current_Connections=1927 Max_Connections=2778 Exceeded_Limit=0 Core_Result=N"
"2026-06-19T00:38:03.102Z","i-023c16c7968372b38","smps_stats","[Fri Jun 19 2026 09:38:02] Msgs=806991545 Throughput=316.476705 Response_Time=17.657639 Wait_Time_In_Queue=0.006465 Max_HP_Msg=35 Max_NP_Msg=80 Current_Depth=0 Max_Depth=80 Current_High_Depth=0 Current_Norm_Depth=0 Current_Threads=55 Max_Threads=55 Busy_Threads=25 Current_Connections=2158 Max_Connections=3452 Exceeded_Limit=0 Core_Result=N"
"2026-06-19T00:38:02.635Z","i-0a2328f9d6500e6c4","smps_stats","[Fri Jun 19 2026 09:38:01] Msgs=810445357 Throughput=317.976956 Response_Time=17.586955 Wait_Time_In_Queue=0.005618 Max_HP_Msg=32 Max_NP_Msg=59 Current_Depth=0 Max_Depth=59 Current_High_Depth=0 Current_Norm_Depth=0 Current_Threads=60 Max_Threads=60 Busy_Threads=14 Current_Connections=2163 Max_Connections=2877 Exceeded_Limit=0 Core_Result=N"
"2026-06-19T00:38:02.411Z","i-00dd30849ccfba93a","smps_stats","[Fri Jun 19 2026 09:38:01] Msgs=789277380 Throughput=309.593751 Response_Time=17.491982 Wait_Time_In_Queue=0.005964 Max_HP_Msg=34 Max_NP_Msg=55 Current_Depth=0 Max_Depth=55 Current_High_Depth=0 Current_Norm_Depth=0 Current_Threads=56 Max_Threads=56 Busy_Threads=27 Current_Connections=2322 Max_Connections=2817 Exceeded_Limit=0 Core_Result=N"
"2026-06-19T00:38:01.894Z","i-06d8bd0429c15d38c","smps_stats","[Fri Jun 19 2026 09:38:01] Msgs=775423854 Throughput=304.197774 Response_Time=17.164223 Wait_Time_In_Queue=0.004782 Max_HP_Msg=30 Max_NP_Msg=51 Current_Depth=0 Max_Depth=51 Current_High_Depth=0 Current_Norm_Depth=0 Current_Threads=52 Max_Threads=52 Busy_Threads=33 Current_Connections=2077 Max_Connections=2778 Exceeded_Limit=0 Core_Result=N"
"2026-06-19T00:37:02.856Z","i-06d8bd0429c15d38c","smps_stats","[Fri Jun 19 2026 09:37:01] Msgs=775374557 Throughput=304.185595 Response_Time=17.164215 Wait_Time_In_Queue=0.004782 Max_HP_Msg=30 Max_NP_Msg=51 Current_Depth=0 Max_Depth=51 Current_High_Depth=0 Current_Norm_Depth=0 Current_Threads=52 Max_Threads=52 Busy_Threads=16 Current_Connections=2033 Max_Connections=2778 Exceeded_Limit=0 Core_Result=N"
"2026-06-19T00:37:02.371Z","i-00dd30849ccfba93a","smps_stats","[Fri Jun 19 2026 09:37:01] Msgs=789220880 Throughput=309.578875 Response_Time=17.491909 Wait_Time_In_Queue=0.005964 Max_HP_Msg=34 Max_NP_Msg=55 Current_Depth=0 Max_Depth=55 Current_High_Depth=0 Current_Norm_Depth=0 Current_Threads=56 Max_Threads=56 Busy_Threads=15 Current_Connections=2294 Max_Connections=2817 Exceeded_Limit=0 Core_Result=N"
"2026-06-19T00:37:02.065Z","i-023c16c7968372b38","smps_stats","[Fri Jun 19 2026 09:37:01] Msgs=806932802 Throughput=316.461238 Response_Time=17.657589 Wait_Time_In_Queue=0.006465 Max_HP_Msg=35 Max_NP_Msg=80 Current_Depth=0 Max_Depth=80 Current_High_Depth=0 Current_Norm_Depth=0 Current_Threads=55 Max_Threads=55 Busy_Threads=23 Current_Connections=2135 Max_Connections=3452 Exceeded_Limit=0 Core_Result=N"
"2026-06-19T00:37:01.596Z","i-0a2328f9d6500e6c4","smps_stats","[Fri Jun 19 2026 09:37:01] Msgs=810388056 Throughput=317.961959 Response_Time=17.586927 Wait_Time_In_Queue=0.005618 Max_HP_Msg=32 Max_NP_Msg=59 Current_Depth=0 Max_Depth=59 Current_High_Depth=0 Current_Norm_Depth=0 Current_Threads=60 Max_Threads=60 Busy_Threads=20 Current_Connections=2119 Max_Connections=2877 Exceeded_Limit=0 Core_Result=N"
"2026-06-19T00:36:03.560Z","i-0a2328f9d6500e6c4","smps_stats","[Fri Jun 19 2026 09:36:02] Msgs=810330338 Throughput=317.946673 Response_Time=17.586907 Wait_Time_In_Queue=0.005618 Max_HP_Msg=32 Max_NP_Msg=59 Current_Depth=0 Max_Depth=59 Current_High_Depth=0 Current_Norm_Depth=0 Current_Threads=60 Max_Threads=60 Busy_Threads=29 Current_Connections=2067 Max_Connections=2877 Exceeded_Limit=0 Core_Result=N"
"2026-06-19T00:36:02.814Z","i-06d8bd0429c15d38c","smps_stats","[Fri Jun 19 2026 09:36:02] Msgs=775324680 Throughput=304.173068 Response_Time=17.164215 Wait_Time_In_Queue=0.004782 Max_HP_Msg=30 Max_NP_Msg=51 Current_Depth=0 Max_Depth=51 Current_High_Depth=0 Current_Norm_Depth=0 Current_Threads=52 Max_Threads=52 Busy_Threads=26 Current_Connections=2007 Max_Connections=2778 Exceeded_Limit=0 Core_Result=N"
"2026-06-19T00:36:02.332Z","i-00dd30849ccfba93a","smps_stats","[Fri Jun 19 2026 09:36:01] Msgs=789163138 Throughput=309.563511 Response_Time=17.491851 Wait_Time_In_Queue=0.005964 Max_HP_Msg=34 Max_NP_Msg=55 Current_Depth=0 Max_Depth=55 Current_High_Depth=0 Current_Norm_Depth=0 Current_Threads=56 Max_Threads=56 Busy_Threads=13 Current_Connections=2203 Max_Connections=2817 Exceeded_Limit=0 Core_Result=N"
"2026-06-19T00:36:02.025Z","i-023c16c7968372b38","smps_stats","[Fri Jun 19 2026 09:36:01] Msgs=806874702 Throughput=316.445899 Response_Time=17.657528 Wait_Time_In_Queue=0.006465 Max_HP_Msg=35 Max_NP_Msg=80 Current_Depth=0 Max_Depth=80 Current_High_Depth=0 Current_Norm_Depth=0 Current_Threads=55 Max_Threads=55 Busy_Threads=22 Current_Connections=2097 Max_Connections=3452 Exceeded_Limit=0 Core_Result=N"
"2026-06-19T00:35:02.776Z","i-06d8bd0429c15d38c","smps_stats","[Fri Jun 19 2026 09:35:01] Msgs=775272886 Throughput=304.160028 Response_Time=17.164221 Wait_Time_In_Queue=0.004782 Max_HP_Msg=30 Max_NP_Msg=51 Current_Depth=0 Max_Depth=51 Current_High_Depth=0 Current_Norm_Depth=0 Current_Threads=52 Max_Threads=52 Busy_Threads=20 Current_Connections=1953 Max_Connections=2778 Exceeded_Limit=0 Core_Result=N"
"2026-06-19T00:35:02.525Z","i-0a2328f9d6500e6c4","smps_stats","[Fri Jun 19 2026 09:35:01] Msgs=810270140 Throughput=317.930663 Response_Time=17.586905 Wait_Time_In_Queue=0.005618 Max_HP_Msg=32 Max_NP_Msg=59 Current_Depth=0 Max_Depth=59 Current_High_Depth=0 Current_Norm_Depth=0 Current_Threads=60 Max_Threads=60 Busy_Threads=35 Current_Connections=1981 Max_Connections=2877 Exceeded_Limit=0 Core_Result=N"
"2026-06-19T00:35:02.286Z","i-00dd30849ccfba93a","smps_stats","[Fri Jun 19 2026 09:35:01] Msgs=789108018 Throughput=309.549175 Response_Time=17.491788 Wait_Time_In_Queue=0.005964 Max_HP_Msg=34 Max_NP_Msg=55 Current_Depth=0 Max_Depth=55 Current_High_Depth=0 Current_Norm_Depth=0 Current_Threads=56 Max_Threads=56 Busy_Threads=23 Current_Connections=2049 Max_Connections=2817 Exceeded_Limit=0 Core_Result=N"
"2026-06-19T00:35:01.990Z","i-023c16c7968372b38","smps_stats","[Fri Jun 19 2026 09:35:01] Msgs=806816528 Throughput=316.430530 Response_Time=17.657446 Wait_Time_In_Queue=0.006465 Max_HP_Msg=35 Max_NP_Msg=80 Current_Depth=0 Max_Depth=80 Current_High_Depth=0 Current_Norm_Depth=0 Current_Threads=55 Max_Threads=55 Busy_Threads=18 Current_Connections=1999 Max_Connections=3452 Exceeded_Limit=0 Core_Result=N"
"2026-06-19T00:34:02.950Z","i-023c16c7968372b38","smps_stats","[Fri Jun 19 2026 09:34:01] Msgs=806759130 Throughput=316.415464 Response_Time=17.657400 Wait_Time_In_Queue=0.006465 Max_HP_Msg=35 Max_NP_Msg=80 Current_Depth=0 Max_Depth=80 Current_High_Depth=0 Current_Norm_Depth=0 Current_Threads=55 Max_Threads=55 Busy_Threads=40 Current_Connections=2120 Max_Connections=3452 Exceeded_Limit=0 Core_Result=N"
"2026-06-19T00:34:02.250Z","i-00dd30849ccfba93a","smps_stats","[Fri Jun 19 2026 09:34:02] Msgs=789053322 Throughput=309.535004 Response_Time=17.491721 Wait_Time_In_Queue=0.005963 Max_HP_Msg=34 Max_NP_Msg=55 Current_Depth=0 Max_Depth=55 Current_High_Depth=0 Current_Norm_Depth=0 Current_Threads=56 Max_Threads=56 Busy_Threads=20 Current_Connections=1988 Max_Connections=2817 Exceeded_Limit=0 Core_Result=N"
"2026-06-19T00:34:01.738Z","i-06d8bd0429c15d38c","smps_stats","[Fri Jun 19 2026 09:34:01] Msgs=775223440 Throughput=304.147788 Response_Time=17.164215 Wait_Time_In_Queue=0.004782 Max_HP_Msg=30 Max_NP_Msg=51 Current_Depth=0 Max_Depth=51 Current_High_Depth=0 Current_Norm_Depth=0 Current_Threads=52 Max_Threads=52 Busy_Threads=10 Current_Connections=1919 Max_Connections=2778 Exceeded_Limit=0 Core_Result=N"
"2026-06-19T00:34:01.490Z","i-0a2328f9d6500e6c4","smps_stats","[Fri Jun 19 2026 09:34:01] Msgs=810212328 Throughput=317.915464 Response_Time=17.586906 Wait_Time_In_Queue=0.005618 Max_HP_Msg=32 Max_NP_Msg=59 Current_Depth=0 Max_Depth=59 Current_High_Depth=0 Current_Norm_Depth=0 Current_Threads=60 Max_Threads=60 Busy_Threads=16 Current_Connections=1924 Max_Connections=2877 Exceeded_Limit=0 Core_Result=N"
"2026-06-19T00:33:02.454Z","i-0a2328f9d6500e6c4","smps_stats","[Fri Jun 19 2026 09:33:01] Msgs=810156664 Throughput=317.901106 Response_Time=17.586871 Wait_Time_In_Queue=0.005618 Max_HP_Msg=32 Max_NP_Msg=59 Current_Depth=0 Max_Depth=59 Current_High_Depth=0 Current_Norm_Depth=0 Current_Threads=60 Max_Threads=60 Busy_Threads=28 Current_Connections=2149 Max_Connections=2877 Exceeded_Limit=0 Core_Result=N"
"2026-06-19T00:33:02.213Z","i-00dd30849ccfba93a","smps_stats","[Fri Jun 19 2026 09:33:01] Msgs=788999531 Throughput=309.521188 Response_Time=17.491636 Wait_Time_In_Queue=0.005963 Max_HP_Msg=34 Max_NP_Msg=55 Current_Depth=0 Max_Depth=55 Current_High_Depth=0 Current_Norm_Depth=0 Current_Threads=56 Max_Threads=56 Busy_Threads=14 Current_Connections=2320 Max_Connections=2817 Exceeded_Limit=0 Core_Result=N"
"2026-06-19T00:33:01.906Z","i-023c16c7968372b38","smps_stats","[Fri Jun 19 2026 09:33:01] Msgs=806702816 Throughput=316.400823 Response_Time=17.657361 Wait_Time_In_Queue=0.006465 Max_HP_Msg=35 Max_NP_Msg=80 Current_Depth=0 Max_Depth=80 Current_High_Depth=0 Current_Norm_Depth=0 Current_Threads=55 Max_Threads=55 Busy_Threads=19 Current_Connections=2050 Max_Connections=3452 Exceeded_Limit=0 Core_Result=N"
"2026-06-19T00:33:01.702Z","i-06d8bd0429c15d38c","smps_stats","[Fri Jun 19 2026 09:33:01] Msgs=775173382 Throughput=304.135308 Response_Time=17.164237 Wait_Time_In_Queue=0.004782 Max_HP_Msg=30 Max_NP_Msg=51 Current_Depth=0 Max_Depth=51 Current_High_Depth=0 Current_Norm_Depth=0 Current_Threads=52 Max_Threads=52 Busy_Threads=18 Current_Connections=2276 Max_Connections=2778 Exceeded_Limit=0 Core_Result=N"
"2026-06-19T00:32:02.668Z","i-06d8bd0429c15d38c","smps_stats","[Fri Jun 19 2026 09:32:01] Msgs=775120742 Throughput=304.121814 Response_Time=17.164242 Wait_Time_In_Queue=0.004782 Max_HP_Msg=30 Max_NP_Msg=51 Current_Depth=0 Max_Depth=51 Current_High_Depth=0 Current_Norm_Depth=0 Current_Threads=52 Max_Threads=52 Busy_Threads=24 Current_Connections=2248 Max_Connections=2778 Exceeded_Limit=0 Core_Result=N"
"2026-06-19T00:32:02.413Z","i-0a2328f9d6500e6c4","smps_stats","[Fri Jun 19 2026 09:32:01] Msgs=810101433 Throughput=317.886918 Response_Time=17.586866 Wait_Time_In_Queue=0.005618 Max_HP_Msg=32 Max_NP_Msg=59 Current_Depth=0 Max_Depth=59 Current_High_Depth=0 Current_Norm_Depth=0 Current_Threads=60 Max_Threads=60 Busy_Threads=25 Current_Connections=2123 Max_Connections=2877 Exceeded_Limit=0 Core_Result=N"
"2026-06-19T00:32:02.176Z","i-00dd30849ccfba93a","smps_stats","[Fri Jun 19 2026 09:32:01] Msgs=788948430 Throughput=309.508426 Response_Time=17.491581 Wait_Time_In_Queue=0.005963 Max_HP_Msg=34 Max_NP_Msg=55 Current_Depth=0 Max_Depth=55 Current_High_Depth=0 Current_Norm_Depth=0 Current_Threads=56 Max_Threads=56 Busy_Threads=16 Current_Connections=2248 Max_Connections=2817 Exceeded_Limit=0 Core_Result=N"
"2026-06-19T00:32:01.875Z","i-023c16c7968372b38","smps_stats","[Fri Jun 19 2026 09:32:01] Msgs=806644152 Throughput=316.385260 Response_Time=17.657310 Wait_Time_In_Queue=0.006465 Max_HP_Msg=35 Max_NP_Msg=80 Current_Depth=0 Max_Depth=80 Current_High_Depth=0 Current_Norm_Depth=0 Current_Threads=55 Max_Threads=55 Busy_Threads=22 Current_Connections=2011 Max_Connections=3452 Exceeded_Limit=0 Core_Result=N"
"2026-06-19T00:31:03.631Z","i-06d8bd0429c15d38c","smps_stats","[Fri Jun 19 2026 09:31:02] Msgs=775068036 Throughput=304.108175 Response_Time=17.164272 Wait_Time_In_Queue=0.004783 Max_HP_Msg=30 Max_NP_Msg=51 Current_Depth=0 Max_Depth=51 Current_High_Depth=0 Current_Norm_Depth=0 Current_Threads=52 Max_Threads=52 Busy_Threads=14 Current_Connections=2180 Max_Connections=2778 Exceeded_Limit=0 Core_Result=N"
"2026-06-19T00:31:02.838Z","i-023c16c7968372b38","smps_stats","[Fri Jun 19 2026 09:31:01] Msgs=806590090 Throughput=316.371501 Response_Time=17.657251 Wait_Time_In_Queue=0.006466 Max_HP_Msg=35 Max_NP_Msg=80 Current_Depth=0 Max_Depth=80 Current_High_Depth=0 Current_Norm_Depth=0 Current_Threads=55 Max_Threads=55 Busy_Threads=16 Current_Connections=1916 Max_Connections=3452 Exceeded_Limit=0 Core_Result=N"
"2026-06-19T00:31:02.372Z","i-0a2328f9d6500e6c4","smps_stats","[Fri Jun 19 2026 09:31:01] Msgs=810042784 Throughput=317.871388 Response_Time=17.586867 Wait_Time_In_Queue=0.005618 Max_HP_Msg=32 Max_NP_Msg=59 Current_Depth=0 Max_Depth=59 Current_High_Depth=0 Current_Norm_Depth=0 Current_Threads=60 Max_Threads=60 Busy_Threads=22 Current_Connections=2089 Max_Connections=2877 Exceeded_Limit=0 Core_Result=N"
"2026-06-19T00:31:02.140Z","i-00dd30849ccfba93a","smps_stats","[Fri Jun 19 2026 09:31:01] Msgs=788895058 Throughput=309.494773 Response_Time=17.491507 Wait_Time_In_Queue=0.005963 Max_HP_Msg=34 Max_NP_Msg=55 Current_Depth=0 Max_Depth=55 Current_High_Depth=0 Current_Norm_Depth=0 Current_Threads=56 Max_Threads=56 Busy_Threads=12 Current_Connections=2228 Max_Connections=2817 Exceeded_Limit=0 Core_Result=N"
"2026-06-19T00:30:03.106Z","i-00dd30849ccfba93a","smps_stats","[Fri Jun 19 2026 09:30:01] Msgs=788839036 Throughput=309.480080 Response_Time=17.491429 Wait_Time_In_Queue=0.005963 Max_HP_Msg=34 Max_NP_Msg=55 Current_Depth=0 Max_Depth=55 Current_High_Depth=0 Current_Norm_Depth=0 Current_Threads=56 Max_Threads=56 Busy_Threads=18 Current_Connections=2171 Max_Connections=2817 Exceeded_Limit=0 Core_Result=N"
"2026-06-19T00:30:02.800Z","i-023c16c7968372b38","smps_stats","[Fri Jun 19 2026 09:30:02] Msgs=806535083 Throughput=316.357246 Response_Time=17.657160 Wait_Time_In_Queue=0.006466 Max_HP_Msg=35 Max_NP_Msg=80 Current_Depth=0 Max_Depth=80 Current_High_Depth=0 Current_Norm_Depth=0 Current_Threads=55 Max_Threads=55 Busy_Threads=17 Current_Connections=1860 Max_Connections=3452 Exceeded_Limit=0 Core_Result=N"
"2026-06-19T00:30:02.587Z","i-06d8bd0429c15d38c","smps_stats","[Fri Jun 19 2026 09:30:02] Msgs=775018789 Throughput=304.096011 Response_Time=17.164299 Wait_Time_In_Queue=0.004782 Max_HP_Msg=30 Max_NP_Msg=51 Current_Depth=0 Max_Depth=51 Current_High_Depth=0 Current_Norm_Depth=0 Current_Threads=52 Max_Threads=52 Busy_Threads=19 Current_Connections=2132 Max_Connections=2778 Exceeded_Limit=0 Core_Result=N"
"2026-06-19T00:30:02.331Z","i-0a2328f9d6500e6c4","smps_stats","[Fri Jun 19 2026 09:30:01] Msgs=809987574 Throughput=317.857207 Response_Time=17.586888 Wait_Time_In_Queue=0.005618 Max_HP_Msg=32 Max_NP_Msg=59 Current_Depth=0 Max_Depth=59 Current_High_Depth=0 Current_Norm_Depth=0 Current_Threads=60 Max_Threads=60 Busy_Threads=24 Current_Connections=2037 Max_Connections=2877 Exceeded_Limit=0 Core_Result=N"
"2026-06-19T00:29:02.764Z","i-023c16c7968372b38","smps_stats","[Fri Jun 19 2026 09:29:01] Msgs=806475569 Throughput=316.341471 Response_Time=17.657105 Wait_Time_In_Queue=0.006466 Max_HP_Msg=35 Max_NP_Msg=80 Current_Depth=0 Max_Depth=80 Current_High_Depth=0 Current_Norm_Depth=0 Current_Threads=55 Max_Threads=55 Busy_Threads=34 Current_Connections=2096 Max_Connections=3452 Exceeded_Limit=0 Core_Result=N"
"2026-06-19T00:29:02.549Z","i-06d8bd0429c15d38c","smps_stats","[Fri Jun 19 2026 09:29:01] Msgs=774967788 Throughput=304.083278 Response_Time=17.164331 Wait_Time_In_Queue=0.004783 Max_HP_Msg=30 Max_NP_Msg=51 Current_Depth=0 Max_Depth=51 Current_High_Depth=0 Current_Norm_Depth=0 Current_Threads=52 Max_Threads=52 Busy_Threads=17 Current_Connections=2084 Max_Connections=2778 Exceeded_Limit=0 Core_Result=N"
"2026-06-19T00:29:02.292Z","i-0a2328f9d6500e6c4","smps_stats","[Fri Jun 19 2026 09:29:01] Msgs=809935783 Throughput=317.844367 Response_Time=17.586868 Wait_Time_In_Queue=0.005618 Max_HP_Msg=32 Max_NP_Msg=59 Current_Depth=0 Max_Depth=59 Current_High_Depth=0 Current_Norm_Depth=0 Current_Threads=60 Max_Threads=60 Busy_Threads=15 Current_Connections=2001 Max_Connections=2877 Exceeded_Limit=0 Core_Result=N"
"2026-06-19T00:29:02.063Z","i-00dd30849ccfba93a","smps_stats","[Fri Jun 19 2026 09:29:01] Msgs=788786913 Throughput=309.466915 Response_Time=17.491380 Wait_Time_In_Queue=0.005963 Max_HP_Msg=34 Max_NP_Msg=55 Current_Depth=0 Max_Depth=55 Current_High_Depth=0 Current_Norm_Depth=0 Current_Threads=56 Max_Threads=56 Busy_Threads=18 Current_Connections=2095 Max_Connections=2817 Exceeded_Limit=0 Core_Result=N"
"2026-06-19T00:28:03.025Z","i-00dd30849ccfba93a","smps_stats","[Fri Jun 19 2026 09:28:02] Msgs=788735065 Throughput=309.453737 Response_Time=17.491340 Wait_Time_In_Queue=0.005963 Max_HP_Msg=34 Max_NP_Msg=55 Current_Depth=0 Max_Depth=55 Current_High_Depth=0 Current_Norm_Depth=0 Current_Threads=56 Max_Threads=56 Busy_Threads=19 Current_Connections=2271 Max_Connections=2817 Exceeded_Limit=0 Core_Result=N"
"2026-06-19T00:28:02.509Z","i-06d8bd0429c15d38c","smps_stats","[Fri Jun 19 2026 09:28:01] Msgs=774920244 Throughput=304.071781 Response_Time=17.164341 Wait_Time_In_Queue=0.004783 Max_HP_Msg=30 Max_NP_Msg=51 Current_Depth=0 Max_Depth=51 Current_High_Depth=0 Current_Norm_Depth=0 Current_Threads=52 Max_Threads=52 Busy_Threads=15 Current_Connections=2301 Max_Connections=2778 Exceeded_Limit=0 Core_Result=N"
"2026-06-19T00:28:02.254Z","i-0a2328f9d6500e6c4","smps_stats","[Fri Jun 19 2026 09:28:02] Msgs=809882656 Throughput=317.830877 Response_Time=17.586876 Wait_Time_In_Queue=0.005618 Max_HP_Msg=32 Max_NP_Msg=59 Current_Depth=0 Max_Depth=59 Current_High_Depth=0 Current_Norm_Depth=0 Current_Threads=60 Max_Threads=60 Busy_Threads=22 Current_Connections=2228 Max_Connections=2877 Exceeded_Limit=0 Core_Result=N"
"2026-06-19T00:28:01.721Z","i-023c16c7968372b38","smps_stats","[Fri Jun 19 2026 09:28:01] Msgs=806418697 Throughput=316.326608 Response_Time=17.657053 Wait_Time_In_Queue=0.006466 Max_HP_Msg=35 Max_NP_Msg=80 Current_Depth=0 Max_Depth=80 Current_High_Depth=0 Current_Norm_Depth=0 Current_Threads=55 Max_Threads=55 Busy_Threads=23 Current_Connections=2083 Max_Connections=3452 Exceeded_Limit=0 Core_Result=N"
"2026-06-19T00:27:02.985Z","i-00dd30849ccfba93a","smps_stats","[Fri Jun 19 2026 09:27:01] Msgs=788681629 Throughput=309.440177 Response_Time=17.491289 Wait_Time_In_Queue=0.005963 Max_HP_Msg=34 Max_NP_Msg=55 Current_Depth=0 Max_Depth=55 Current_High_Depth=0 Current_Norm_Depth=0 Current_Threads=56 Max_Threads=56 Busy_Threads=16 Current_Connections=2205 Max_Connections=2817 Exceeded_Limit=0 Core_Result=N"
"2026-06-19T00:27:02.682Z","i-023c16c7968372b38","smps_stats","[Fri Jun 19 2026 09:27:01] Msgs=806364515 Throughput=316.312799 Response_Time=17.656987 Wait_Time_In_Queue=0.006466 Max_HP_Msg=35 Max_NP_Msg=80 Current_Depth=0 Max_Depth=80 Current_High_Depth=0 Current_Norm_Depth=0 Current_Threads=55 Max_Threads=55 Busy_Threads=18 Current_Connections=1985 Max_Connections=3452 Exceeded_Limit=0 Core_Result=N"
"2026-06-19T00:27:02.472Z","i-06d8bd0429c15d38c","smps_stats","[Fri Jun 19 2026 09:27:01] Msgs=774872421 Throughput=304.060174 Response_Time=17.164346 Wait_Time_In_Queue=0.004783 Max_HP_Msg=30 Max_NP_Msg=51 Current_Depth=0 Max_Depth=51 Current_High_Depth=0 Current_Norm_Depth=0 Current_Threads=52 Max_Threads=52 Busy_Threads=19 Current_Connections=2271 Max_Connections=2778 Exceeded_Limit=0 Core_Result=N"
"2026-06-19T00:27:02.218Z","i-0a2328f9d6500e6c4","smps_stats","[Fri Jun 19 2026 09:27:01] Msgs=809830415 Throughput=317.817984 Response_Time=17.586887 Wait_Time_In_Queue=0.005618 Max_HP_Msg=32 Max_NP_Msg=59 Current_Depth=0 Max_Depth=59 Current_High_Depth=0 Current_Norm_Depth=0 Current_Threads=60 Max_Threads=60 Busy_Threads=18 Current_Connections=2175 Max_Connections=2877 Exceeded_Limit=0 Core_Result=N"
"2026-06-19T00:26:03.180Z","i-0a2328f9d6500e6c4","smps_stats","[Fri Jun 19 2026 09:26:02] Msgs=809780444 Throughput=317.805731 Response_Time=17.586852 Wait_Time_In_Queue=0.005619 Max_HP_Msg=32 Max_NP_Msg=59 Current_Depth=0 Max_Depth=59 Current_High_Depth=0 Current_Norm_Depth=0 Current_Threads=60 Max_Threads=60 Busy_Threads=17 Current_Connections=2131 Max_Connections=2877 Exceeded_Limit=0 Core_Result=N"
"2026-06-19T00:26:02.645Z","i-023c16c7968372b38","smps_stats","[Fri Jun 19 2026 09:26:02] Msgs=806311119 Throughput=316.299174 Response_Time=17.656965 Wait_Time_In_Queue=0.006466 Max_HP_Msg=35 Max_NP_Msg=80 Current_Depth=0 Max_Depth=80 Current_High_Depth=0 Current_Norm_Depth=0 Current_Threads=55 Max_Threads=55 Busy_Threads=20 Current_Connections=1915 Max_Connections=3452 Exceeded_Limit=0 Core_Result=N"
"2026-06-19T00:26:02.430Z","i-06d8bd0429c15d38c","smps_stats","[Fri Jun 19 2026 09:26:01] Msgs=774822069 Throughput=304.047575 Response_Time=17.164373 Wait_Time_In_Queue=0.004783 Max_HP_Msg=30 Max_NP_Msg=51 Current_Depth=0 Max_Depth=51 Current_High_Depth=0 Current_Norm_Depth=0 Current_Threads=52 Max_Threads=52 Busy_Threads=19 Current_Connections=2259 Max_Connections=2778 Exceeded_Limit=0 Core_Result=N"
"2026-06-19T00:26:01.945Z","i-00dd30849ccfba93a","smps_stats","[Fri Jun 19 2026 09:26:01] Msgs=788626796 Throughput=309.425948 Response_Time=17.491245 Wait_Time_In_Queue=0.005963 Max_HP_Msg=34 Max_NP_Msg=55 Current_Depth=0 Max_Depth=55 Current_High_Depth=0 Current_Norm_Depth=0 Current_Threads=56 Max_Threads=56 Busy_Threads=16 Current_Connections=2149 Max_Connections=2817 Exceeded_Limit=0 Core_Result=N"
"2026-06-19T00:25:02.905Z","i-00dd30849ccfba93a","smps_stats","[Fri Jun 19 2026 09:25:02] Msgs=788574401 Throughput=309.412553 Response_Time=17.491215 Wait_Time_In_Queue=0.005963 Max_HP_Msg=34 Max_NP_Msg=55 Current_Depth=0 Max_Depth=55 Current_High_Depth=0 Current_Norm_Depth=0 Current_Threads=56 Max_Threads=56 Busy_Threads=9 Current_Connections=2084 Max_Connections=2817 Exceeded_Limit=0 Core_Result=N"
"2026-06-19T00:25:02.608Z","i-023c16c7968372b38","smps_stats","[Fri Jun 19 2026 09:25:01] Msgs=806256128 Throughput=316.285170 Response_Time=17.656935 Wait_Time_In_Queue=0.006466 Max_HP_Msg=35 Max_NP_Msg=80 Current_Depth=0 Max_Depth=80 Current_High_Depth=0 Current_Norm_Depth=0 Current_Threads=55 Max_Threads=55 Busy_Threads=31 Current_Connections=1852 Max_Connections=3452 Exceeded_Limit=0 Core_Result=N"
"2026-06-19T00:25:02.391Z","i-06d8bd0429c15d38c","smps_stats","[Fri Jun 19 2026 09:25:01] Msgs=774774154 Throughput=304.035931 Response_Time=17.164371 Wait_Time_In_Queue=0.004783 Max_HP_Msg=30 Max_NP_Msg=51 Current_Depth=0 Max_Depth=51 Current_High_Depth=0 Current_Norm_Depth=0 Current_Threads=52 Max_Threads=52 Busy_Threads=9 Current_Connections=2231 Max_Connections=2778 Exceeded_Limit=0 Core_Result=N"
"2026-06-19T00:25:02.143Z","i-0a2328f9d6500e6c4","smps_stats","[Fri Jun 19 2026 09:25:01] Msgs=809728374 Throughput=317.792904 Response_Time=17.586860 Wait_Time_In_Queue=0.005619 Max_HP_Msg=32 Max_NP_Msg=59 Current_Depth=0 Max_Depth=59 Current_High_Depth=0 Current_Norm_Depth=0 Current_Threads=60 Max_Threads=60 Busy_Threads=18 Current_Connections=2079 Max_Connections=2877 Exceeded_Limit=0 Core_Result=N"
"2026-06-19T00:24:03.356Z","i-06d8bd0429c15d38c","smps_stats","[Fri Jun 19 2026 09:24:02] Msgs=774726335 Throughput=304.024205 Response_Time=17.164381 Wait_Time_In_Queue=0.004783 Max_HP_Msg=30 Max_NP_Msg=51 Current_Depth=0 Max_Depth=51 Current_High_Depth=0 Current_Norm_Depth=0 Current_Threads=52 Max_Threads=52 Busy_Threads=18 Current_Connections=2159 Max_Connections=2778 Exceeded_Limit=0 Core_Result=N"
"2026-06-19T00:24:03.107Z","i-0a2328f9d6500e6c4","smps_stats","[Fri Jun 19 2026 09:24:02] Msgs=809675197 Throughput=317.779392 Response_Time=17.586889 Wait_Time_In_Queue=0.005619 Max_HP_Msg=32 Max_NP_Msg=59 Current_Depth=0 Max_Depth=59 Current_High_Depth=0 Current_Norm_Depth=0 Current_Threads=60 Max_Threads=60 Busy_Threads=15 Current_Connections=2011 Max_Connections=2877 Exceeded_Limit=0 Core_Result=N"
"2026-06-19T00:24:02.866Z","i-00dd30849ccfba93a","smps_stats","[Fri Jun 19 2026 09:24:01] Msgs=788522491 Throughput=309.399590 Response_Time=17.491170 Wait_Time_In_Queue=0.005963 Max_HP_Msg=34 Max_NP_Msg=55 Current_Depth=0 Max_Depth=55 Current_High_Depth=0 Current_Norm_Depth=0 Current_Threads=56 Max_Threads=56 Busy_Threads=15 Current_Connections=2059 Max_Connections=2817 Exceeded_Limit=0 Core_Result=N"
"2026-06-19T00:24:02.568Z","i-023c16c7968372b38","smps_stats","[Fri Jun 19 2026 09:24:01] Msgs=806198865 Throughput=316.270151 Response_Time=17.656924 Wait_Time_In_Queue=0.006467 Max_HP_Msg=35 Max_NP_Msg=80 Current_Depth=0 Max_Depth=80 Current_High_Depth=0 Current_Norm_Depth=0 Current_Threads=55 Max_Threads=55 Busy_Threads=27 Current_Connections=2103 Max_Connections=3452 Exceeded_Limit=0 Core_Result=N"
"2026-06-19T00:23:02.530Z","i-023c16c7968372b38","smps_stats","[Fri Jun 19 2026 09:23:02] Msgs=806144101 Throughput=316.255987 Response_Time=17.656894 Wait_Time_In_Queue=0.006466 Max_HP_Msg=35 Max_NP_Msg=80 Current_Depth=0 Max_Depth=80 Current_High_Depth=0 Current_Norm_Depth=0 Current_Threads=55 Max_Threads=55 Busy_Threads=28 Current_Connections=2082 Max_Connections=3452 Exceeded_Limit=0 Core_Result=N"
"2026-06-19T00:23:02.316Z","i-06d8bd0429c15d38c","smps_stats","[Fri Jun 19 2026 09:23:01] Msgs=774677593 Throughput=304.012354 Response_Time=17.164390 Wait_Time_In_Queue=0.004783 Max_HP_Msg=30 Max_NP_Msg=51 Current_Depth=0 Max_Depth=51 Current_High_Depth=0 Current_Norm_Depth=0 Current_Threads=52 Max_Threads=52 Busy_Threads=23 Current_Connections=2444 Max_Connections=2778 Exceeded_Limit=0 Core_Result=N"
"2026-06-19T00:23:02.065Z","i-0a2328f9d6500e6c4","smps_stats","[Fri Jun 19 2026 09:23:01] Msgs=809620962 Throughput=317.765714 Response_Time=17.586903 Wait_Time_In_Queue=0.005619 Max_HP_Msg=32 Max_NP_Msg=59 Current_Depth=0 Max_Depth=59 Current_High_Depth=0 Current_Norm_Depth=0 Current_Threads=60 Max_Threads=60 Busy_Threads=23 Current_Connections=2246 Max_Connections=2877 Exceeded_Limit=0 Core_Result=N"
"2026-06-19T00:23:01.823Z","i-00dd30849ccfba93a","smps_stats","[Fri Jun 19 2026 09:23:01] Msgs=788467885 Throughput=309.385448 Response_Time=17.491169 Wait_Time_In_Queue=0.005963 Max_HP_Msg=34 Max_NP_Msg=55 Current_Depth=0 Max_Depth=55 Current_High_Depth=0 Current_Norm_Depth=0 Current_Threads=56 Max_Threads=56 Busy_Threads=21 Current_Connections=2300 Max_Connections=2817 Exceeded_Limit=0 Core_Result=N"
"2026-06-19T00:22:02.784Z","i-00dd30849ccfba93a","smps_stats","[Fri Jun 19 2026 09:22:01] Msgs=788417827 Throughput=309.373089 Response_Time=17.491115 Wait_Time_In_Queue=0.005963 Max_HP_Msg=34 Max_NP_Msg=55 Current_Depth=0 Max_Depth=55 Current_High_Depth=0 Current_Norm_Depth=0 Current_Threads=56 Max_Threads=56 Busy_Threads=21 Current_Connections=2242 Max_Connections=2817 Exceeded_Limit=0 Core_Result=N"
"2026-06-19T00:22:02.493Z","i-023c16c7968372b38","smps_stats","[Fri Jun 19 2026 09:22:01] Msgs=806087250 Throughput=316.241252 Response_Time=17.656869 Wait_Time_In_Queue=0.006467 Max_HP_Msg=35 Max_NP_Msg=80 Current_Depth=0 Max_Depth=80 Current_High_Depth=0 Current_Norm_Depth=0 Current_Threads=55 Max_Threads=55 Busy_Threads=39 Current_Connections=2068 Max_Connections=3452 Exceeded_Limit=0 Core_Result=N"
"2026-06-19T00:22:02.277Z","i-06d8bd0429c15d38c","smps_stats","[Fri Jun 19 2026 09:22:01] Msgs=774630821 Throughput=304.001157 Response_Time=17.164385 Wait_Time_In_Queue=0.004783 Max_HP_Msg=30 Max_NP_Msg=51 Current_Depth=0 Max_Depth=51 Current_High_Depth=0 Current_Norm_Depth=0 Current_Threads=52 Max_Threads=52 Busy_Threads=19 Current_Connections=2384 Max_Connections=2778 Exceeded_Limit=0 Core_Result=N"
"2026-06-19T00:22:02.025Z","i-0a2328f9d6500e6c4","smps_stats","[Fri Jun 19 2026 09:22:01] Msgs=809569550 Throughput=317.753018 Response_Time=17.586885 Wait_Time_In_Queue=0.005619 Max_HP_Msg=32 Max_NP_Msg=59 Current_Depth=0 Max_Depth=59 Current_High_Depth=0 Current_Norm_Depth=0 Current_Threads=60 Max_Threads=60 Busy_Threads=13 Current_Connections=2213 Max_Connections=2877 Exceeded_Limit=0 Core_Result=N"
"2026-06-19T00:21:03.244Z","i-06d8bd0429c15d38c","smps_stats","[Fri Jun 19 2026 09:21:02] Msgs=774584533 Throughput=303.990030 Response_Time=17.164440 Wait_Time_In_Queue=0.004783 Max_HP_Msg=30 Max_NP_Msg=51 Current_Depth=0 Max_Depth=51 Current_High_Depth=0 Current_Norm_Depth=0 Current_Threads=52 Max_Threads=52 Busy_Threads=14 Current_Connections=2340 Max_Connections=2778 Exceeded_Limit=0 Core_Result=N"
"2026-06-19T00:21:02.747Z","i-00dd30849ccfba93a","smps_stats","[Fri Jun 19 2026 09:21:02] Msgs=788364081 Throughput=309.359161 Response_Time=17.491094 Wait_Time_In_Queue=0.005963 Max_HP_Msg=34 Max_NP_Msg=55 Current_Depth=0 Max_Depth=55 Current_High_Depth=0 Current_Norm_Depth=0 Current_Threads=56 Max_Threads=56 Busy_Threads=20 Current_Connections=2135 Max_Connections=2817 Exceeded_Limit=0 Core_Result=N"
"2026-06-19T00:21:02.459Z","i-023c16c7968372b38","smps_stats","[Fri Jun 19 2026 09:21:01] Msgs=806034391 Throughput=316.227958 Response_Time=17.656827 Wait_Time_In_Queue=0.006467 Max_HP_Msg=35 Max_NP_Msg=80 Current_Depth=0 Max_Depth=80 Current_High_Depth=0 Current_Norm_Depth=0 Current_Threads=55 Max_Threads=55 Busy_Threads=23 Current_Connections=2037 Max_Connections=3452 Exceeded_Limit=0 Core_Result=N"
"2026-06-19T00:21:01.982Z","i-0a2328f9d6500e6c4","smps_stats","[Fri Jun 19 2026 09:21:01] Msgs=809519489 Throughput=317.740852 Response_Time=17.586876 Wait_Time_In_Queue=0.005619 Max_HP_Msg=32 Max_NP_Msg=59 Current_Depth=0 Max_Depth=59 Current_High_Depth=0 Current_Norm_Depth=0 Current_Threads=60 Max_Threads=60 Busy_Threads=9 Current_Connections=2136 Max_Connections=2877 Exceeded_Limit=0 Core_Result=N"
"2026-06-19T00:20:02.944Z","i-0a2328f9d6500e6c4","smps_stats","[Fri Jun 19 2026 09:20:02] Msgs=809469688 Throughput=317.728663 Response_Time=17.586878 Wait_Time_In_Queue=0.005619 Max_HP_Msg=32 Max_NP_Msg=59 Current_Depth=0 Max_Depth=59 Current_High_Depth=0 Current_Norm_Depth=0 Current_Threads=60 Max_Threads=60 Busy_Threads=33 Current_Connections=2103 Max_Connections=2877 Exceeded_Limit=0 Core_Result=N"
"2026-06-19T00:20:02.709Z","i-00dd30849ccfba93a","smps_stats","[Fri Jun 19 2026 09:20:01] Msgs=788311731 Throughput=309.346024 Response_Time=17.491036 Wait_Time_In_Queue=0.005963 Max_HP_Msg=34 Max_NP_Msg=55 Current_Depth=0 Max_Depth=55 Current_High_Depth=0 Current_Norm_Depth=0 Current_Threads=56 Max_Threads=56 Busy_Threads=25 Current_Connections=2081 Max_Connections=2817 Exceeded_Limit=0 Core_Result=N"
"2026-06-19T00:20:02.426Z","i-023c16c7968372b38","smps_stats","[Fri Jun 19 2026 09:20:01] Msgs=805983271 Throughput=316.215346 Response_Time=17.656784 Wait_Time_In_Queue=0.006467 Max_HP_Msg=35 Max_NP_Msg=80 Current_Depth=0 Max_Depth=80 Current_High_Depth=0 Current_Norm_Depth=0 Current_Threads=55 Max_Threads=55 Busy_Threads=28 Current_Connections=2002 Max_Connections=3452 Exceeded_Limit=0 Core_Result=N"
"2026-06-19T00:20:02.204Z","i-06d8bd0429c15d38c","smps_stats","[Fri Jun 19 2026 09:20:01] Msgs=774537163 Throughput=303.978717 Response_Time=17.164498 Wait_Time_In_Queue=0.004783 Max_HP_Msg=30 Max_NP_Msg=51 Current_Depth=0 Max_Depth=51 Current_High_Depth=0 Current_Norm_Depth=0 Current_Threads=52 Max_Threads=52 Busy_Threads=18 Current_Connections=2244 Max_Connections=2778 Exceeded_Limit=0 Core_Result=N"
"2026-06-19T00:19:02.670Z","i-00dd30849ccfba93a","smps_stats","[Fri Jun 19 2026 09:19:02] Msgs=788261195 Throughput=309.333354 Response_Time=17.491005 Wait_Time_In_Queue=0.005963 Max_HP_Msg=34 Max_NP_Msg=55 Current_Depth=0 Max_Depth=55 Current_High_Depth=0 Current_Norm_Depth=0 Current_Threads=56 Max_Threads=56 Busy_Threads=17 Current_Connections=1997 Max_Connections=2817 Exceeded_Limit=0 Core_Result=N"
"2026-06-19T00:19:02.389Z","i-023c16c7968372b38","smps_stats","[Fri Jun 19 2026 09:19:02] Msgs=805931072 Throughput=316.202186 Response_Time=17.656732 Wait_Time_In_Queue=0.006467 Max_HP_Msg=35 Max_NP_Msg=80 Current_Depth=0 Max_Depth=80 Current_High_Depth=0 Current_Norm_Depth=0 Current_Threads=55 Max_Threads=55 Busy_Threads=13 Current_Connections=2208 Max_Connections=3452 Exceeded_Limit=0 Core_Result=N"
"2026-06-19T00:19:02.174Z","i-06d8bd0429c15d38c","smps_stats","[Fri Jun 19 2026 09:19:01] Msgs=774485507 Throughput=303.965602 Response_Time=17.164500 Wait_Time_In_Queue=0.004784 Max_HP_Msg=30 Max_NP_Msg=51 Current_Depth=0 Max_Depth=51 Current_High_Depth=0 Current_Norm_Depth=0 Current_Threads=52 Max_Threads=52 Busy_Threads=17 Current_Connections=2102 Max_Connections=2778 Exceeded_Limit=0 Core_Result=N"
"2026-06-19T00:19:01.903Z","i-0a2328f9d6500e6c4","smps_stats","[Fri Jun 19 2026 09:19:01] Msgs=809418033 Throughput=317.715994 Response_Time=17.586897 Wait_Time_In_Queue=0.005619 Max_HP_Msg=32 Max_NP_Msg=59 Current_Depth=0 Max_Depth=59 Current_High_Depth=0 Current_Norm_Depth=0 Current_Threads=60 Max_Threads=60 Busy_Threads=14 Current_Connections=1980 Max_Connections=2877 Exceeded_Limit=0 Core_Result=N"
"2026-06-19T00:18:02.351Z","i-023c16c7968372b38","smps_stats","[Fri Jun 19 2026 09:18:01] Msgs=805875873 Throughput=316.188096 Response_Time=17.656673 Wait_Time_In_Queue=0.006467 Max_HP_Msg=35 Max_NP_Msg=80 Current_Depth=0 Max_Depth=80 Current_High_Depth=0 Current_Norm_Depth=0 Current_Threads=55 Max_Threads=55 Busy_Threads=11 Current_Connections=2128 Max_Connections=3452 Exceeded_Limit=0 Core_Result=N"
"2026-06-19T00:18:02.132Z","i-06d8bd0429c15d38c","smps_stats","[Fri Jun 19 2026 09:18:01] Msgs=774439506 Throughput=303.954705 Response_Time=17.164549 Wait_Time_In_Queue=0.004784 Max_HP_Msg=30 Max_NP_Msg=51 Current_Depth=0 Max_Depth=51 Current_High_Depth=0 Current_Norm_Depth=0 Current_Threads=52 Max_Threads=52 Busy_Threads=16 Current_Connections=2359 Max_Connections=2778 Exceeded_Limit=0 Core_Result=N"
"2026-06-19T00:18:01.864Z","i-0a2328f9d6500e6c4","smps_stats","[Fri Jun 19 2026 09:18:01] Msgs=809366626 Throughput=317.703298 Response_Time=17.586894 Wait_Time_In_Queue=0.005619 Max_HP_Msg=32 Max_NP_Msg=59 Current_Depth=0 Max_Depth=59 Current_High_Depth=0 Current_Norm_Depth=0 Current_Threads=60 Max_Threads=60 Busy_Threads=18 Current_Connections=2315 Max_Connections=2877 Exceeded_Limit=0 Core_Result=N"
"2026-06-19T00:18:01.628Z","i-00dd30849ccfba93a","smps_stats","[Fri Jun 19 2026 09:18:01] Msgs=788210303 Throughput=309.320788 Response_Time=17.490967 Wait_Time_In_Queue=0.005963 Max_HP_Msg=34 Max_NP_Msg=55 Current_Depth=0 Max_Depth=55 Current_High_Depth=0 Current_Norm_Depth=0 Current_Threads=56 Max_Threads=56 Busy_Threads=14 Current_Connections=2318 Max_Connections=2817 Exceeded_Limit=0 Core_Result=N"
"2026-06-19T00:17:03.100Z","i-06d8bd0429c15d38c","smps_stats","[Fri Jun 19 2026 09:17:02] Msgs=774391900 Throughput=303.943059 Response_Time=17.164565 Wait_Time_In_Queue=0.004784 Max_HP_Msg=30 Max_NP_Msg=51 Current_Depth=0 Max_Depth=51 Current_High_Depth=0 Current_Norm_Depth=0 Current_Threads=52 Max_Threads=52 Busy_Threads=14 Current_Connections=2303 Max_Connections=2778 Exceeded_Limit=0 Core_Result=N"
"2026-06-19T00:17:02.585Z","i-00dd30849ccfba93a","smps_stats","[Fri Jun 19 2026 09:17:01] Msgs=788160288 Throughput=309.308443 Response_Time=17.490915 Wait_Time_In_Queue=0.005963 Max_HP_Msg=34 Max_NP_Msg=55 Current_Depth=0 Max_Depth=55 Current_High_Depth=0 Current_Norm_Depth=0 Current_Threads=56 Max_Threads=56 Busy_Threads=14 Current_Connections=2236 Max_Connections=2817 Exceeded_Limit=0 Core_Result=N"
"2026-06-19T00:17:02.311Z","i-023c16c7968372b38","smps_stats","[Fri Jun 19 2026 09:17:01] Msgs=805827083 Throughput=316.176396 Response_Time=17.656594 Wait_Time_In_Queue=0.006468 Max_HP_Msg=35 Max_NP_Msg=80 Current_Depth=0 Max_Depth=80 Current_High_Depth=0 Current_Norm_Depth=0 Current_Threads=55 Max_Threads=55 Busy_Threads=19 Current_Connections=2050 Max_Connections=3452 Exceeded_Limit=0 Core_Result=N"
"2026-06-19T00:17:01.827Z","i-0a2328f9d6500e6c4","smps_stats","[Fri Jun 19 2026 09:17:01] Msgs=809316280 Throughput=317.691018 Response_Time=17.586912 Wait_Time_In_Queue=0.005619 Max_HP_Msg=32 Max_NP_Msg=59 Current_Depth=0 Max_Depth=59 Current_High_Depth=0 Current_Norm_Depth=0 Current_Threads=60 Max_Threads=60 Busy_Threads=16 Current_Connections=2279 Max_Connections=2877 Exceeded_Limit=0 Core_Result=N"